account_id,customer_id,account_type,opened_date,branch,currency,status,source_system,batch_id,load_date,record_created_ts,record_updated_ts
ACC000001,CUST00374,Investment,2023-05-26,Mumbai,INR,Open,Core Banking,BATCH_20260720,2026-07-20,2026-07-16 11:10:47.583937,2026-07-16 11:10:47.583937
ACC000002,CUST00446,Investment,2023-06-05,Hyderabad,INR,Open,Core Banking,BATCH_20260720,2026-07-20,2026-07-16 11:10:47.583955,2026-07-16 11:10:47.583955
ACC000003,CUST00069,Demat,2017-08-29,Bengaluru,INR,Open,Core Banking,BATCH_20260720,2026-07-20,2026-07-16 11:10:47.583965,2026-07-16 11:10:47.583965
ACC000004,CUST00202,Current,2019-12-30,Kolkata,INR,Open,Core Banking,BATCH_20260720,2026-07-20,2026-07-16 11:10:47.583973,2026-07-16 11:10:47.583973
ACC000005,CUST00388,Savings,2021-09-10,Mumbai,INR,Open,Core Banking,BATCH_20260720,2026-07-20,2026-07-16 11:10:47.583980,2026-07-16 11:10:47.583980
ACC000006,CUST00218,Investment,2020-02-25,Bengaluru,INR,Open,Core Banking,BATCH_20260720,2026-07-20,2026-07-16 11:10:47.583987,2026-07-16 11:10:47.583987
ACC000007,CUST00178,Current,2021-03-08,Bengaluru,INR,Open,Core Banking,BATCH_20260720,2026-07-20,2026-07-16 11:10:47.583995,2026-07-16 11:10:47.583995
ACC000008,CUST00017,Investment,2015-05-09,Bengaluru,INR,Open,Core Banking,BATCH_20260720,2026-07-20,2026-07-16 11:10:47.584001,2026-07-16 11:10:47.584001
ACC000009,CUST00035,Savings,2015-10-03,Mumbai,INR,Closed,Core Banking,BATCH_20260720,2026-07-20,2026-07-16 11:10:47.584007,2026-07-16 11:10:47.584007
ACC000010,CUST00345,Savings,2020-06-27,Delhi,INR,Open,Core Banking,BATCH_20260720,2026-07-20,2026-07-16 11:10:47.584014,2026-07-16 11:10:47.584014
ACC000011,CUST00206,Investment,2020-04-03,Pune,INR,Open,Core Banking,BATCH_20260720,2026-07-20,2026-07-16 11:10:47.584021,2026-07-16 11:10:47.584021
ACC000012,CUST00387,Savings,2018-02-21,Pune,INR,Open,Core Banking,BATCH_20260720,2026-07-20,2026-07-16 11:10:47.584027,2026-07-16 11:10:47.584027
ACC000013,CUST00120,Demat,2022-03-11,Bengaluru,INR,Open,Core Banking,BATCH_20260720,2026-07-20,2026-07-16 11:10:47.584033,2026-07-16 11:10:47.584033
ACC000014,CUST00449,Current,2026-09-10,Bengaluru,INR,Open,Core Banking,BATCH_20260720,2026-07-20,2026-07-16 11:10:47.584045,2026-07-16 11:10:47.584045
ACC000015,CUST00154,Demat,2016-05-14,Pune,INR,Closed,Core Banking,BATCH_20260720,2026-07-20,2026-07-16 11:10:47.584051,2026-07-16 11:10:47.584051
ACC000016,CUST00451,Current,2024-07-31,Pune,INR,Open,Core Banking,BATCH_20260720,2026-07-20,2026-07-16 11:10:47.584057,2026-07-16 11:10:47.584057
ACC000017,CUST00025,Demat,2023-07-20,Kolkata,INR,Open,Core Banking,BATCH_20260720,2026-07-20,2026-07-16 11:10:47.584063,2026-07-16 11:10:47.584063
ACC000018,CUST00164,Investment,2024-02-27,Bengaluru,INR,Open,Core Banking,BATCH_20260720,2026-07-20,2026-07-16 11:10:47.584069,2026-07-16 11:10:47.584069
ACC000019,CUST00193,Current,2025-08-15,Bengaluru,INR,Open,Core Banking,BATCH_20260720,2026-07-20,2026-07-16 11:10:47.584075,2026-07-16 11:10:47.584075
ACC000020,CUST00154,Current,2025-05-21,Hyderabad,INR,Open,Core Banking,BATCH_20260720,2026-07-20,2026-07-16 11:10:47.584081,2026-07-16 11:10:47.584081
ACC000021,CUST00212,Investment,2026-11-20,Bengaluru,INR,Open,Core Banking,BATCH_20260720,2026-07-20,2026-07-16 11:10:47.584087,2026-07-16 11:10:47.584087
ACC000022,CUST00125,Demat,2019-07-24,Chennai,INR,Open,Core Banking,BATCH_20260720,2026-07-20,2026-07-16 11:10:47.584092,2026-07-16 11:10:47.584092
ACC000023,CUST00473,Investment,2023-04-28,Hyderabad,INR,Open,Core Banking,BATCH_20260720,2026-07-20,2026-07-16 11:10:47.584098,2026-07-16 11:10:47.584098
ACC000024,CUST00371,Current,2016-02-27,Chennai,INR,Open,Core Banking,BATCH_20260720,2026-07-20,2026-07-16 11:10:47.584104,2026-07-16 11:10:47.584104
ACC000025,CUST00345,Savings,2016-08-19,Bengaluru,INR,Closed,Core Banking,BATCH_20260720,2026-07-20,2026-07-16 11:10:47.584110,2026-07-16 11:10:47.584110
ACC000026,CUST00371,Current,2025-10-02,Bengaluru,INR,Open,Core Banking,BATCH_20260720,2026-07-20,2026-07-16 11:10:47.584116,2026-07-16 11:10:47.584116
ACC000027,CUST00156,Savings,2019-10-02,Bengaluru,INR,Open,Core Banking,BATCH_20260720,2026-07-20,2026-07-16 11:10:47.584122,2026-07-16 11:10:47.584122
ACC000028,CUST00383,Investment,2020-06-10,Delhi,INR,Closed,Core Banking,BATCH_20260720,2026-07-20,2026-07-16 11:10:47.584128,2026-07-16 11:10:47.584128
ACC000029,CUST00361,Current,2023-11-24,Bengaluru,INR,Open,Core Banking,BATCH_20260720,2026-07-20,2026-07-16 11:10:47.584134,2026-07-16 11:10:47.584134
ACC000030,CUST00165,Demat,2023-07-16,Mumbai,INR,Open,Core Banking,BATCH_20260720,2026-07-20,2026-07-16 11:10:47.584140,2026-07-16 11:10:47.584140
ACC000031,CUST00333,Demat,2021-12-01,Chennai,INR,Open,Core Banking,BATCH_20260720,2026-07-20,2026-07-16 11:10:47.584147,2026-07-16 11:10:47.584147
ACC000032,CUST00263,Investment,2025-06-14,Hyderabad,INR,Open,Core Banking,BATCH_20260720,2026-07-20,2026-07-16 11:10:47.584153,2026-07-16 11:10:47.584153
ACC000033,CUST00390,Demat,2019-07-23,Chennai,INR,Open,Core Banking,BATCH_20260720,2026-07-20,2026-07-16 11:10:47.584159,2026-07-16 11:10:47.584159
ACC000034,CUST00212,Savings,2019-12-18,Delhi,INR,Open,Core Banking,BATCH_20260720,2026-07-20,2026-07-16 11:10:47.584166,2026-07-16 11:10:47.584166
ACC000035,CUST00009,Demat,2024-05-13,Chennai,INR,Open,Core Banking,BATCH_20260720,2026-07-20,2026-07-16 11:10:47.584172,2026-07-16 11:10:47.584172
ACC000036,CUST00101,Demat,2020-02-28,Mumbai,INR,Closed,Core Banking,BATCH_20260720,2026-07-20,2026-07-16 11:10:47.584178,2026-07-16 11:10:47.584178
ACC000037,CUST00427,Current,2026-03-14,Pune,INR,Open,Core Banking,BATCH_20260720,2026-07-20,2026-07-16 11:10:47.584184,2026-07-16 11:10:47.584184
ACC000038,CUST00132,Investment,2026-01-01,Mumbai,INR,Open,Core Banking,BATCH_20260720,2026-07-20,2026-07-16 11:10:47.584190,2026-07-16 11:10:47.584190
ACC000039,CUST00376,Demat,2018-10-18,Bengaluru,INR,Open,Core Banking,BATCH_20260720,2026-07-20,2026-07-16 11:10:47.584195,2026-07-16 11:10:47.584195
ACC000040,CUST00251,Current,2016-04-26,Pune,INR,Open,Core Banking,BATCH_20260720,2026-07-20,2026-07-16 11:10:47.584202,2026-07-16 11:10:47.584202
ACC000041,CUST00430,Savings,2016-02-02,Kolkata,INR,Open,Core Banking,BATCH_20260720,2026-07-20,2026-07-16 11:10:47.584207,2026-07-16 11:10:47.584207
ACC000042,CUST00212,Current,2020-03-10,Hyderabad,INR,Open,Core Banking,BATCH_20260720,2026-07-20,2026-07-16 11:10:47.584213,2026-07-16 11:10:47.584213
ACC000043,CUST00005,Current,2026-05-05,Mumbai,INR,Open,Core Banking,BATCH_20260720,2026-07-20,2026-07-16 11:10:47.584219,2026-07-16 11:10:47.584219
ACC000044,CUST00031,Investment,2025-12-10,Hyderabad,INR,Open,Core Banking,BATCH_20260720,2026-07-20,2026-07-16 11:10:47.584225,2026-07-16 11:10:47.584225
ACC000045,CUST00273,Investment,2015-04-08,Hyderabad,INR,Open,Core Banking,BATCH_20260720,2026-07-20,2026-07-16 11:10:47.584231,2026-07-16 11:10:47.584231
ACC000046,CUST00370,Demat,2021-06-06,Hyderabad,INR,Open,Core Banking,BATCH_20260720,2026-07-20,2026-07-16 11:10:47.584237,2026-07-16 11:10:47.584237
ACC000047,CUST00417,Investment,2019-01-08,Hyderabad,INR,Open,Core Banking,BATCH_20260720,2026-07-20,2026-07-16 11:10:47.584243,2026-07-16 11:10:47.584243
ACC000048,CUST00269,Current,2020-05-28,Bengaluru,INR,Closed,Core Banking,BATCH_20260720,2026-07-20,2026-07-16 11:10:47.584248,2026-07-16 11:10:47.584248
ACC000049,CUST00270,Demat,2022-12-13,Chennai,INR,Open,Core Banking,BATCH_20260720,2026-07-20,2026-07-16 11:10:47.584254,2026-07-16 11:10:47.584254
ACC000050,CUST00041,Demat,2024-02-09,Mumbai,INR,Closed,Core Banking,BATCH_20260720,2026-07-20,2026-07-16 11:10:47.584259,2026-07-16 11:10:47.584259
ACC000051,CUST00125,Current,2021-09-23,Delhi,INR,Open,Core Banking,BATCH_20260720,2026-07-20,2026-07-16 11:10:47.584265,2026-07-16 11:10:47.584265
ACC000052,CUST00335,Savings,2017-02-04,Mumbai,INR,Open,Core Banking,BATCH_20260720,2026-07-20,2026-07-16 11:10:47.584271,2026-07-16 11:10:47.584271
ACC000053,CUST00194,Investment,2016-04-04,Delhi,INR,Open,Core Banking,BATCH_20260720,2026-07-20,2026-07-16 11:10:47.584277,2026-07-16 11:10:47.584277
ACC000054,CUST00360,Current,2016-11-08,Mumbai,INR,Open,Core Banking,BATCH_20260720,2026-07-20,2026-07-16 11:10:47.584283,2026-07-16 11:10:47.584283
ACC000055,CUST00331,Demat,2017-02-20,Pune,INR,Open,Core Banking,BATCH_20260720,2026-07-20,2026-07-16 11:10:47.584293,2026-07-16 11:10:47.584293
ACC000056,CUST00118,Current,2025-08-31,Chennai,INR,Open,Core Banking,BATCH_20260720,2026-07-20,2026-07-16 11:10:47.584300,2026-07-16 11:10:47.584300
ACC000057,CUST00474,Savings,2021-04-15,Pune,INR,Closed,Core Banking,BATCH_20260720,2026-07-20,2026-07-16 11:10:47.584306,2026-07-16 11:10:47.584306
ACC000058,CUST00337,Savings,2019-01-09,Kolkata,INR,Open,Core Banking,BATCH_20260720,2026-07-20,2026-07-16 11:10:47.584311,2026-07-16 11:10:47.584311
ACC000059,CUST00009,Current,2018-03-27,Kolkata,INR,Open,Core Banking,BATCH_20260720,2026-07-20,2026-07-16 11:10:47.584317,2026-07-16 11:10:47.584317
ACC000060,CUST00476,Savings,2021-09-17,Bengaluru,INR,Closed,Core Banking,BATCH_20260720,2026-07-20,2026-07-16 11:10:47.584323,2026-07-16 11:10:47.584323
ACC000061,CUST00124,Investment,2022-06-10,Mumbai,INR,Open,Core Banking,BATCH_20260720,2026-07-20,2026-07-16 11:10:47.584329,2026-07-16 11:10:47.584329
ACC000062,CUST00405,Savings,2026-03-26,Delhi,INR,Open,Core Banking,BATCH_20260720,2026-07-20,2026-07-16 11:10:47.584335,2026-07-16 11:10:47.584335
ACC000063,CUST00028,Savings,2024-10-20,Bengaluru,INR,Open,Core Banking,BATCH_20260720,2026-07-20,2026-07-16 11:10:47.584340,2026-07-16 11:10:47.584340
ACC000064,CUST00175,Investment,2022-04-27,Hyderabad,INR,Open,Core Banking,BATCH_20260720,2026-07-20,2026-07-16 11:10:47.584346,2026-07-16 11:10:47.584346
ACC000065,CUST00402,Investment,2026-01-02,Bengaluru,INR,Open,Core Banking,BATCH_20260720,2026-07-20,2026-07-16 11:10:47.584352,2026-07-16 11:10:47.584352
ACC000066,CUST00284,Investment,2024-09-07,Bengaluru,INR,Closed,Core Banking,BATCH_20260720,2026-07-20,2026-07-16 11:10:47.584358,2026-07-16 11:10:47.584358
ACC000067,CUST00339,Investment,2016-12-03,Kolkata,INR,Closed,Core Banking,BATCH_20260720,2026-07-20,2026-07-16 11:10:47.584363,2026-07-16 11:10:47.584363
ACC000068,CUST00152,Current,2016-08-25,Hyderabad,INR,Open,Core Banking,BATCH_20260720,2026-07-20,2026-07-16 11:10:47.584369,2026-07-16 11:10:47.584369
ACC000069,CUST00079,Investment,2018-06-17,Delhi,INR,Open,Core Banking,BATCH_20260720,2026-07-20,2026-07-16 11:10:47.584375,2026-07-16 11:10:47.584375
ACC000070,CUST00163,Demat,2017-05-22,Hyderabad,INR,Open,Core Banking,BATCH_20260720,2026-07-20,2026-07-16 11:10:47.584380,2026-07-16 11:10:47.584380
ACC000071,CUST00483,Demat,2024-12-22,Chennai,INR,Open,Core Banking,BATCH_20260720,2026-07-20,2026-07-16 11:10:47.584386,2026-07-16 11:10:47.584386
ACC000072,CUST00053,Current,2016-12-16,Bengaluru,INR,Open,Core Banking,BATCH_20260720,2026-07-20,2026-07-16 11:10:47.584391,2026-07-16 11:10:47.584391
ACC000073,CUST00230,Investment,2017-04-26,Hyderabad,INR,Open,Core Banking,BATCH_20260720,2026-07-20,2026-07-16 11:10:47.584397,2026-07-16 11:10:47.584397
ACC000074,CUST00182,Savings,2022-04-11,Kolkata,INR,Open,Core Banking,BATCH_20260720,2026-07-20,2026-07-16 11:10:47.584403,2026-07-16 11:10:47.584403
ACC000075,CUST00007,Demat,2024-04-12,Mumbai,INR,Open,Core Banking,BATCH_20260720,2026-07-20,2026-07-16 11:10:47.584408,2026-07-16 11:10:47.584408
ACC000076,CUST00372,Current,2026-09-08,Bengaluru,INR,Open,Core Banking,BATCH_20260720,2026-07-20,2026-07-16 11:10:47.584414,2026-07-16 11:10:47.584414
ACC000077,CUST00087,Current,2021-01-11,Chennai,INR,Open,Core Banking,BATCH_20260720,2026-07-20,2026-07-16 11:10:47.584419,2026-07-16 11:10:47.584419
ACC000078,CUST00253,Current,2016-06-02,Bengaluru,INR,Open,Core Banking,BATCH_20260720,2026-07-20,2026-07-16 11:10:47.584426,2026-07-16 11:10:47.584426
ACC000079,CUST00142,Investment,2021-09-21,Mumbai,INR,Open,Core Banking,BATCH_20260720,2026-07-20,2026-07-16 11:10:47.584432,2026-07-16 11:10:47.584432
ACC000080,CUST00185,Demat,2020-07-13,Delhi,INR,Open,Core Banking,BATCH_20260720,2026-07-20,2026-07-16 11:10:47.584437,2026-07-16 11:10:47.584437
ACC000081,CUST00305,Current,2025-04-08,Hyderabad,INR,Open,Core Banking,BATCH_20260720,2026-07-20,2026-07-16 11:10:47.584443,2026-07-16 11:10:47.584443
ACC000082,CUST00156,Savings,2023-11-16,Chennai,INR,Closed,Core Banking,BATCH_20260720,2026-07-20,2026-07-16 11:10:47.584448,2026-07-16 11:10:47.584448
ACC000083,CUST00195,Demat,2024-11-15,Chennai,INR,Open,Core Banking,BATCH_20260720,2026-07-20,2026-07-16 11:10:47.584454,2026-07-16 11:10:47.584454
ACC000084,CUST00418,Current,2021-09-27,Chennai,INR,Closed,Core Banking,BATCH_20260720,2026-07-20,2026-07-16 11:10:47.584459,2026-07-16 11:10:47.584459
ACC000085,CUST00486,Current,2025-09-29,Chennai,INR,Open,Core Banking,BATCH_20260720,2026-07-20,2026-07-16 11:10:47.584465,2026-07-16 11:10:47.584465
ACC000086,CUST00494,Investment,2022-02-27,Chennai,INR,Open,Core Banking,BATCH_20260720,2026-07-20,2026-07-16 11:10:47.584471,2026-07-16 11:10:47.584471
ACC000087,CUST00496,Current,2022-04-23,Mumbai,INR,Open,Core Banking,BATCH_20260720,2026-07-20,2026-07-16 11:10:47.584491,2026-07-16 11:10:47.584491
ACC000088,CUST00419,Investment,2023-03-10,Hyderabad,INR,Closed,Core Banking,BATCH_20260720,2026-07-20,2026-07-16 11:10:47.584497,2026-07-16 11:10:47.584497
ACC000089,CUST00103,Current,2015-08-09,Delhi,INR,Open,Core Banking,BATCH_20260720,2026-07-20,2026-07-16 11:10:47.584504,2026-07-16 11:10:47.584504
ACC000090,CUST00483,Current,2024-10-31,Kolkata,INR,Open,Core Banking,BATCH_20260720,2026-07-20,2026-07-16 11:10:47.584509,2026-07-16 11:10:47.584509
ACC000091,CUST00426,Savings,2024-03-05,Delhi,INR,Open,Core Banking,BATCH_20260720,2026-07-20,2026-07-16 11:10:47.584515,2026-07-16 11:10:47.584515
ACC000092,CUST00072,Demat,2020-06-05,Chennai,INR,Open,Core Banking,BATCH_20260720,2026-07-20,2026-07-16 11:10:47.584521,2026-07-16 11:10:47.584521
ACC000093,CUST00367,Investment,2023-06-16,Hyderabad,INR,Open,Core Banking,BATCH_20260720,2026-07-20,2026-07-16 11:10:47.584527,2026-07-16 11:10:47.584527
ACC000094,CUST00307,Investment,2023-12-28,Pune,INR,Open,Core Banking,BATCH_20260720,2026-07-20,2026-07-16 11:10:47.584533,2026-07-16 11:10:47.584533
ACC000095,CUST00473,Investment,2015-10-29,Kolkata,INR,Open,Core Banking,BATCH_20260720,2026-07-20,2026-07-16 11:10:47.584539,2026-07-16 11:10:47.584539
ACC000096,CUST00360,Savings,2017-06-14,Kolkata,INR,Open,Core Banking,BATCH_20260720,2026-07-20,2026-07-16 11:10:47.584545,2026-07-16 11:10:47.584545
ACC000097,CUST00337,Demat,2018-09-24,Delhi,INR,Closed,Core Banking,BATCH_20260720,2026-07-20,2026-07-16 11:10:47.584551,2026-07-16 11:10:47.584551
ACC000098,CUST00023,Investment,2022-06-09,Kolkata,INR,Open,Core Banking,BATCH_20260720,2026-07-20,2026-07-16 11:10:47.584557,2026-07-16 11:10:47.584557
ACC000099,CUST00055,Savings,2017-03-18,Chennai,INR,Open,Core Banking,BATCH_20260720,2026-07-20,2026-07-16 11:10:47.584562,2026-07-16 11:10:47.584562
ACC000100,CUST00262,Current,2024-12-30,Chennai,INR,Open,Core Banking,BATCH_20260720,2026-07-20,2026-07-16 11:10:47.584568,2026-07-16 11:10:47.584568
ACC000101,CUST00238,Current,2022-09-26,Hyderabad,INR,Open,Core Banking,BATCH_20260720,2026-07-20,2026-07-16 11:10:47.584574,2026-07-16 11:10:47.584574
ACC000102,CUST00054,Demat,2024-04-30,Hyderabad,INR,Open,Core Banking,BATCH_20260720,2026-07-20,2026-07-16 11:10:47.584580,2026-07-16 11:10:47.584580
ACC000103,CUST00426,Current,2022-10-24,Chennai,INR,Open,Core Banking,BATCH_20260720,2026-07-20,2026-07-16 11:10:47.584586,2026-07-16 11:10:47.584586
ACC000104,CUST00234,Current,2026-09-08,Mumbai,INR,Open,Core Banking,BATCH_20260720,2026-07-20,2026-07-16 11:10:47.584591,2026-07-16 11:10:47.584591
ACC000105,CUST00244,Savings,2024-10-29,Delhi,INR,Open,Core Banking,BATCH_20260720,2026-07-20,2026-07-16 11:10:47.584598,2026-07-16 11:10:47.584598
ACC000106,CUST00164,Savings,2021-09-25,Hyderabad,INR,Open,Core Banking,BATCH_20260720,2026-07-20,2026-07-16 11:10:47.584603,2026-07-16 11:10:47.584603
ACC000107,CUST00012,Demat,2017-06-14,Delhi,INR,Open,Core Banking,BATCH_20260720,2026-07-20,2026-07-16 11:10:47.584609,2026-07-16 11:10:47.584609
ACC000108,CUST00477,Current,2026-07-29,Bengaluru,INR,Open,Core Banking,BATCH_20260720,2026-07-20,2026-07-16 11:10:47.584615,2026-07-16 11:10:47.584615
ACC000109,CUST00082,Demat,2024-07-24,Mumbai,INR,Open,Core Banking,BATCH_20260720,2026-07-20,2026-07-16 11:10:47.584621,2026-07-16 11:10:47.584621
ACC000110,CUST00409,Investment,2019-02-20,Bengaluru,INR,Open,Core Banking,BATCH_20260720,2026-07-20,2026-07-16 11:10:47.584627,2026-07-16 11:10:47.584627
ACC000111,CUST00203,Savings,2019-06-05,Mumbai,INR,Closed,Core Banking,BATCH_20260720,2026-07-20,2026-07-16 11:10:47.584633,2026-07-16 11:10:47.584633
ACC000112,CUST00220,Investment,2015-02-06,Delhi,INR,Open,Core Banking,BATCH_20260720,2026-07-20,2026-07-16 11:10:47.584639,2026-07-16 11:10:47.584639
ACC000113,CUST00106,Demat,2016-05-27,Pune,INR,Open,Core Banking,BATCH_20260720,2026-07-20,2026-07-16 11:10:47.584645,2026-07-16 11:10:47.584645
ACC000114,CUST00410,Current,2023-03-16,Chennai,INR,Open,Core Banking,BATCH_20260720,2026-07-20,2026-07-16 11:10:47.584650,2026-07-16 11:10:47.584650
ACC000115,CUST00235,Savings,2020-11-19,Delhi,INR,Open,Core Banking,BATCH_20260720,2026-07-20,2026-07-16 11:10:47.584657,2026-07-16 11:10:47.584657
ACC000116,CUST00271,Demat,2023-09-19,Pune,INR,Open,Core Banking,BATCH_20260720,2026-07-20,2026-07-16 11:10:47.584663,2026-07-16 11:10:47.584663
ACC000117,CUST00301,Savings,2022-10-21,Chennai,INR,Open,Core Banking,BATCH_20260720,2026-07-20,2026-07-16 11:10:47.584668,2026-07-16 11:10:47.584668
ACC000118,CUST00317,Current,2021-09-02,Pune,INR,Closed,Core Banking,BATCH_20260720,2026-07-20,2026-07-16 11:10:47.584674,2026-07-16 11:10:47.584674
ACC000119,CUST00044,Current,2022-01-09,Hyderabad,INR,Open,Core Banking,BATCH_20260720,2026-07-20,2026-07-16 11:10:47.584680,2026-07-16 11:10:47.584680
ACC000120,CUST00157,Savings,2019-02-08,Chennai,INR,Open,Core Banking,BATCH_20260720,2026-07-20,2026-07-16 11:10:47.584685,2026-07-16 11:10:47.584685
ACC000121,CUST00262,Investment,2024-05-19,Pune,INR,Open,Core Banking,BATCH_20260720,2026-07-20,2026-07-16 11:10:47.584691,2026-07-16 11:10:47.584691
ACC000122,CUST00295,Investment,2024-06-27,Bengaluru,INR,Open,Core Banking,BATCH_20260720,2026-07-20,2026-07-16 11:10:47.584697,2026-07-16 11:10:47.584697
ACC000123,CUST00326,Current,2018-09-28,Mumbai,INR,Open,Core Banking,BATCH_20260720,2026-07-20,2026-07-16 11:10:47.584703,2026-07-16 11:10:47.584703
ACC000124,CUST00072,Current,2022-01-21,Kolkata,INR,Open,Core Banking,BATCH_20260720,2026-07-20,2026-07-16 11:10:47.584709,2026-07-16 11:10:47.584709
ACC000125,CUST00318,Savings,2023-01-20,Hyderabad,INR,Open,Core Banking,BATCH_20260720,2026-07-20,2026-07-16 11:10:47.584714,2026-07-16 11:10:47.584714
ACC000126,CUST00070,Current,2023-08-12,Pune,INR,Open,Core Banking,BATCH_20260720,2026-07-20,2026-07-16 11:10:47.584720,2026-07-16 11:10:47.584720
ACC000127,CUST00335,Investment,2024-03-05,Delhi,INR,Open,Core Banking,BATCH_20260720,2026-07-20,2026-07-16 11:10:47.584726,2026-07-16 11:10:47.584726
ACC000128,CUST00213,Investment,2025-12-17,Bengaluru,INR,Open,Core Banking,BATCH_20260720,2026-07-20,2026-07-16 11:10:47.584731,2026-07-16 11:10:47.584731
ACC000129,CUST00290,Savings,2019-12-12,Chennai,INR,Open,Core Banking,BATCH_20260720,2026-07-20,2026-07-16 11:10:47.584737,2026-07-16 11:10:47.584737
ACC000130,CUST00141,Current,2021-06-22,Bengaluru,INR,Open,Core Banking,BATCH_20260720,2026-07-20,2026-07-16 11:10:47.584742,2026-07-16 11:10:47.584742
ACC000131,CUST00290,Investment,2026-06-16,Hyderabad,INR,Closed,Core Banking,BATCH_20260720,2026-07-20,2026-07-16 11:10:47.584748,2026-07-16 11:10:47.584748
ACC000132,CUST00059,Demat,2023-03-25,Pune,INR,Open,Core Banking,BATCH_20260720,2026-07-20,2026-07-16 11:10:47.584754,2026-07-16 11:10:47.584754
ACC000133,CUST00390,Investment,2019-11-26,Mumbai,INR,Open,Core Banking,BATCH_20260720,2026-07-20,2026-07-16 11:10:47.584759,2026-07-16 11:10:47.584759
ACC000134,CUST00377,Current,2021-09-04,Kolkata,INR,Open,Core Banking,BATCH_20260720,2026-07-20,2026-07-16 11:10:47.584765,2026-07-16 11:10:47.584765
ACC000135,CUST00231,Demat,2022-10-26,Kolkata,INR,Open,Core Banking,BATCH_20260720,2026-07-20,2026-07-16 11:10:47.584770,2026-07-16 11:10:47.584770
ACC000136,CUST00225,Savings,2020-04-25,Bengaluru,INR,Closed,Core Banking,BATCH_20260720,2026-07-20,2026-07-16 11:10:47.584776,2026-07-16 11:10:47.584776
ACC000137,CUST00353,Demat,2024-08-08,Bengaluru,INR,Closed,Core Banking,BATCH_20260720,2026-07-20,2026-07-16 11:10:47.584782,2026-07-16 11:10:47.584782
ACC000138,CUST00072,Current,2019-08-23,Kolkata,INR,Open,Core Banking,BATCH_20260720,2026-07-20,2026-07-16 11:10:47.584793,2026-07-16 11:10:47.584793
ACC000139,CUST00292,Demat,2026-12-09,Chennai,INR,Closed,Core Banking,BATCH_20260720,2026-07-20,2026-07-16 11:10:47.584799,2026-07-16 11:10:47.584799
ACC000140,CUST00276,Current,2022-04-05,Delhi,INR,Open,Core Banking,BATCH_20260720,2026-07-20,2026-07-16 11:10:47.584805,2026-07-16 11:10:47.584805
ACC000141,CUST00149,Demat,2026-07-16,Delhi,INR,Open,Core Banking,BATCH_20260720,2026-07-20,2026-07-16 11:10:47.584839,2026-07-16 11:10:47.584839
ACC000142,CUST00070,Investment,2016-04-30,Chennai,INR,Open,Core Banking,BATCH_20260720,2026-07-20,2026-07-16 11:10:47.584850,2026-07-16 11:10:47.584850
ACC000143,CUST00360,Current,2020-08-07,Bengaluru,INR,Open,Core Banking,BATCH_20260720,2026-07-20,2026-07-16 11:10:47.585662,2026-07-16 11:10:47.585662
ACC000144,CUST00425,Current,2023-10-23,Mumbai,INR,Open,Core Banking,BATCH_20260720,2026-07-20,2026-07-16 11:10:47.585710,2026-07-16 11:10:47.585710
ACC000145,CUST00296,Demat,2024-04-16,Mumbai,INR,Open,Core Banking,BATCH_20260720,2026-07-20,2026-07-16 11:10:47.585720,2026-07-16 11:10:47.585720
ACC000146,CUST00039,Savings,2024-01-14,Pune,INR,Open,Core Banking,BATCH_20260720,2026-07-20,2026-07-16 11:10:47.585736,2026-07-16 11:10:47.585736
ACC000147,CUST00356,Demat,2025-03-13,Mumbai,INR,Open,Core Banking,BATCH_20260720,2026-07-20,2026-07-16 11:10:47.585743,2026-07-16 11:10:47.585743
ACC000148,CUST00298,Savings,2017-02-02,Delhi,INR,Open,Core Banking,BATCH_20260720,2026-07-20,2026-07-16 11:10:47.585750,2026-07-16 11:10:47.585750
ACC000149,CUST00326,Demat,2016-06-02,Kolkata,INR,Open,Core Banking,BATCH_20260720,2026-07-20,2026-07-16 11:10:47.585757,2026-07-16 11:10:47.585757
ACC000150,CUST00204,Current,2024-08-20,Kolkata,INR,Open,Core Banking,BATCH_20260720,2026-07-20,2026-07-16 11:10:47.585766,2026-07-16 11:10:47.585766
ACC000151,CUST00254,Demat,2022-03-29,Kolkata,INR,Open,Core Banking,BATCH_20260720,2026-07-20,2026-07-16 11:10:47.585772,2026-07-16 11:10:47.585772
ACC000152,CUST00173,Current,2025-11-19,Kolkata,INR,Open,Core Banking,BATCH_20260720,2026-07-20,2026-07-16 11:10:47.585778,2026-07-16 11:10:47.585778
ACC000153,CUST00458,Savings,2016-01-12,Hyderabad,INR,Open,Core Banking,BATCH_20260720,2026-07-20,2026-07-16 11:10:47.585786,2026-07-16 11:10:47.585786
ACC000154,CUST00009,Savings,2018-07-18,Mumbai,INR,Open,Core Banking,BATCH_20260720,2026-07-20,2026-07-16 11:10:47.585799,2026-07-16 11:10:47.585799
ACC000155,CUST00001,Investment,2019-07-16,Delhi,INR,Open,Core Banking,BATCH_20260720,2026-07-20,2026-07-16 11:10:47.585806,2026-07-16 11:10:47.585806
ACC000156,CUST00452,Demat,2018-07-26,Kolkata,INR,Open,Core Banking,BATCH_20260720,2026-07-20,2026-07-16 11:10:47.585813,2026-07-16 11:10:47.585813
ACC000157,CUST00048,Demat,2020-08-13,Hyderabad,INR,Open,Core Banking,BATCH_20260720,2026-07-20,2026-07-16 11:10:47.585819,2026-07-16 11:10:47.585819
ACC000158,CUST00341,Current,2016-02-29,Mumbai,INR,Open,Core Banking,BATCH_20260720,2026-07-20,2026-07-16 11:10:47.585825,2026-07-16 11:10:47.585825
ACC000159,CUST00372,Current,2024-08-17,Delhi,INR,Open,Core Banking,BATCH_20260720,2026-07-20,2026-07-16 11:10:47.585831,2026-07-16 11:10:47.585831
ACC000160,CUST00361,Savings,2015-01-09,Bengaluru,INR,Open,Core Banking,BATCH_20260720,2026-07-20,2026-07-16 11:10:47.585837,2026-07-16 11:10:47.585837
ACC000161,CUST00040,Current,2020-01-27,Pune,INR,Open,Core Banking,BATCH_20260720,2026-07-20,2026-07-16 11:10:47.585843,2026-07-16 11:10:47.585843
ACC000162,CUST00005,Savings,2022-09-15,Kolkata,INR,Open,Core Banking,BATCH_20260720,2026-07-20,2026-07-16 11:10:47.585849,2026-07-16 11:10:47.585849
ACC000163,CUST00441,Investment,2017-12-18,Mumbai,INR,Open,Core Banking,BATCH_20260720,2026-07-20,2026-07-16 11:10:47.585855,2026-07-16 11:10:47.585855
ACC000164,CUST00118,Investment,2017-01-01,Delhi,INR,Open,Core Banking,BATCH_20260720,2026-07-20,2026-07-16 11:10:47.585862,2026-07-16 11:10:47.585862
ACC000165,CUST00053,Demat,2023-03-31,Chennai,INR,Open,Core Banking,BATCH_20260720,2026-07-20,2026-07-16 11:10:47.585867,2026-07-16 11:10:47.585867
ACC000166,CUST00196,Current,2018-03-16,Hyderabad,INR,Open,Core Banking,BATCH_20260720,2026-07-20,2026-07-16 11:10:47.585873,2026-07-16 11:10:47.585873
ACC000167,CUST00289,Savings,2018-09-06,Mumbai,INR,Open,Core Banking,BATCH_20260720,2026-07-20,2026-07-16 11:10:47.585879,2026-07-16 11:10:47.585879
ACC000168,CUST00370,Current,2018-05-25,Mumbai,INR,Closed,Core Banking,BATCH_20260720,2026-07-20,2026-07-16 11:10:47.585885,2026-07-16 11:10:47.585885
ACC000169,CUST00352,Investment,2019-11-15,Hyderabad,INR,Open,Core Banking,BATCH_20260720,2026-07-20,2026-07-16 11:10:47.585891,2026-07-16 11:10:47.585891
ACC000170,CUST00072,Savings,2023-08-12,Chennai,INR,Open,Core Banking,BATCH_20260720,2026-07-20,2026-07-16 11:10:47.585897,2026-07-16 11:10:47.585897
ACC000171,CUST00162,Current,2020-07-22,Chennai,INR,Open,Core Banking,BATCH_20260720,2026-07-20,2026-07-16 11:10:47.585902,2026-07-16 11:10:47.585902
ACC000172,CUST00128,Demat,2015-08-08,Kolkata,INR,Open,Core Banking,BATCH_20260720,2026-07-20,2026-07-16 11:10:47.585909,2026-07-16 11:10:47.585909
ACC000173,CUST00106,Current,2023-10-15,Chennai,INR,Open,Core Banking,BATCH_20260720,2026-07-20,2026-07-16 11:10:47.585915,2026-07-16 11:10:47.585915
ACC000174,CUST00402,Current,2026-02-06,Mumbai,INR,Open,Core Banking,BATCH_20260720,2026-07-20,2026-07-16 11:10:47.585922,2026-07-16 11:10:47.585922
ACC000175,CUST00124,Investment,2016-08-04,Pune,INR,Open,Core Banking,BATCH_20260720,2026-07-20,2026-07-16 11:10:47.585928,2026-07-16 11:10:47.585928
ACC000176,CUST00185,Demat,2017-12-17,Mumbai,INR,Closed,Core Banking,BATCH_20260720,2026-07-20,2026-07-16 11:10:47.585934,2026-07-16 11:10:47.585934
ACC000177,CUST00216,Demat,2018-11-16,Kolkata,INR,Open,Core Banking,BATCH_20260720,2026-07-20,2026-07-16 11:10:47.585940,2026-07-16 11:10:47.585940
ACC000178,CUST00489,Savings,2015-05-17,Pune,INR,Open,Core Banking,BATCH_20260720,2026-07-20,2026-07-16 11:10:47.585946,2026-07-16 11:10:47.585946
ACC000179,CUST00008,Demat,2019-11-03,Hyderabad,INR,Open,Core Banking,BATCH_20260720,2026-07-20,2026-07-16 11:10:47.585952,2026-07-16 11:10:47.585952
ACC000180,CUST00486,Investment,2026-05-13,Chennai,INR,Open,Core Banking,BATCH_20260720,2026-07-20,2026-07-16 11:10:47.585958,2026-07-16 11:10:47.585958
ACC000181,CUST00393,Investment,2024-07-01,Delhi,INR,Open,Core Banking,BATCH_20260720,2026-07-20,2026-07-16 11:10:47.585964,2026-07-16 11:10:47.585964
ACC000182,CUST00043,Current,2021-03-23,Hyderabad,INR,Open,Core Banking,BATCH_20260720,2026-07-20,2026-07-16 11:10:47.585970,2026-07-16 11:10:47.585970
ACC000183,CUST00041,Current,2018-06-26,Pune,INR,Open,Core Banking,BATCH_20260720,2026-07-20,2026-07-16 11:10:47.585975,2026-07-16 11:10:47.585975
ACC000184,CUST00201,Savings,2021-12-15,Delhi,INR,Open,Core Banking,BATCH_20260720,2026-07-20,2026-07-16 11:10:47.585982,2026-07-16 11:10:47.585982
ACC000185,CUST00374,Current,2016-04-19,Bengaluru,INR,Open,Core Banking,BATCH_20260720,2026-07-20,2026-07-16 11:10:47.585988,2026-07-16 11:10:47.585988
ACC000186,CUST00474,Investment,2017-08-08,Mumbai,INR,Closed,Core Banking,BATCH_20260720,2026-07-20,2026-07-16 11:10:47.585994,2026-07-16 11:10:47.585994
ACC000187,CUST00312,Savings,2021-12-08,Delhi,INR,Open,Core Banking,BATCH_20260720,2026-07-20,2026-07-16 11:10:47.586000,2026-07-16 11:10:47.586000
ACC000188,CUST00062,Savings,2018-01-29,Delhi,INR,Open,Core Banking,BATCH_20260720,2026-07-20,2026-07-16 11:10:47.586005,2026-07-16 11:10:47.586005
ACC000189,CUST00084,Investment,2022-10-11,Pune,INR,Open,Core Banking,BATCH_20260720,2026-07-20,2026-07-16 11:10:47.586011,2026-07-16 11:10:47.586011
ACC000190,CUST00401,Demat,2018-09-29,Chennai,INR,Open,Core Banking,BATCH_20260720,2026-07-20,2026-07-16 11:10:47.586016,2026-07-16 11:10:47.586016
ACC000191,CUST00384,Demat,2017-08-25,Kolkata,INR,Open,Core Banking,BATCH_20260720,2026-07-20,2026-07-16 11:10:47.586022,2026-07-16 11:10:47.586022
ACC000192,CUST00172,Investment,2021-02-06,Pune,INR,Open,Core Banking,BATCH_20260720,2026-07-20,2026-07-16 11:10:47.586027,2026-07-16 11:10:47.586027
ACC000193,CUST00135,Savings,2026-02-16,Mumbai,INR,Open,Core Banking,BATCH_20260720,2026-07-20,2026-07-16 11:10:47.586037,2026-07-16 11:10:47.586037
ACC000194,CUST00185,Savings,2026-03-16,Kolkata,INR,Closed,Core Banking,BATCH_20260720,2026-07-20,2026-07-16 11:10:47.586043,2026-07-16 11:10:47.586043
ACC000195,CUST00086,Demat,2018-07-12,Chennai,INR,Open,Core Banking,BATCH_20260720,2026-07-20,2026-07-16 11:10:47.586048,2026-07-16 11:10:47.586048
ACC000196,CUST00458,Savings,2020-02-15,Delhi,INR,Open,Core Banking,BATCH_20260720,2026-07-20,2026-07-16 11:10:47.586054,2026-07-16 11:10:47.586054
ACC000197,CUST00002,Savings,2015-04-11,Bengaluru,INR,Open,Core Banking,BATCH_20260720,2026-07-20,2026-07-16 11:10:47.586059,2026-07-16 11:10:47.586059
ACC000198,CUST00242,Demat,2023-08-04,Bengaluru,INR,Open,Core Banking,BATCH_20260720,2026-07-20,2026-07-16 11:10:47.586065,2026-07-16 11:10:47.586065
ACC000199,CUST00477,Savings,2024-05-28,Bengaluru,INR,Open,Core Banking,BATCH_20260720,2026-07-20,2026-07-16 11:10:47.586071,2026-07-16 11:10:47.586071
ACC000200,CUST00128,Investment,2022-03-05,Chennai,INR,Open,Core Banking,BATCH_20260720,2026-07-20,2026-07-16 11:10:47.586078,2026-07-16 11:10:47.586078
ACC000201,CUST00293,Demat,2017-09-05,Pune,INR,Open,Core Banking,BATCH_20260720,2026-07-20,2026-07-16 11:10:47.586084,2026-07-16 11:10:47.586084
ACC000202,CUST00092,Current,2026-07-27,Hyderabad,INR,Open,Core Banking,BATCH_20260720,2026-07-20,2026-07-16 11:10:47.586091,2026-07-16 11:10:47.586091
ACC000203,CUST00036,Investment,2021-05-01,Kolkata,INR,Open,Core Banking,BATCH_20260720,2026-07-20,2026-07-16 11:10:47.586098,2026-07-16 11:10:47.586098
ACC000204,CUST00168,Savings,2025-03-30,Hyderabad,INR,Open,Core Banking,BATCH_20260720,2026-07-20,2026-07-16 11:10:47.586104,2026-07-16 11:10:47.586104
ACC000205,CUST00103,Demat,2021-10-25,Delhi,INR,Closed,Core Banking,BATCH_20260720,2026-07-20,2026-07-16 11:10:47.586110,2026-07-16 11:10:47.586110
ACC000206,CUST00125,Investment,2023-04-05,Pune,INR,Open,Core Banking,BATCH_20260720,2026-07-20,2026-07-16 11:10:47.586115,2026-07-16 11:10:47.586115
ACC000207,CUST00396,Current,2020-07-01,Bengaluru,INR,Open,Core Banking,BATCH_20260720,2026-07-20,2026-07-16 11:10:47.586122,2026-07-16 11:10:47.586122
ACC000208,CUST00478,Investment,2015-07-15,Bengaluru,INR,Open,Core Banking,BATCH_20260720,2026-07-20,2026-07-16 11:10:47.586127,2026-07-16 11:10:47.586127
ACC000209,CUST00178,Savings,2022-07-07,Hyderabad,INR,Open,Core Banking,BATCH_20260720,2026-07-20,2026-07-16 11:10:47.586133,2026-07-16 11:10:47.586133
ACC000210,CUST00435,Demat,2017-05-01,Bengaluru,INR,Open,Core Banking,BATCH_20260720,2026-07-20,2026-07-16 11:10:47.586139,2026-07-16 11:10:47.586139
ACC000211,CUST00122,Investment,2026-01-13,Hyderabad,INR,Open,Core Banking,BATCH_20260720,2026-07-20,2026-07-16 11:10:47.586146,2026-07-16 11:10:47.586146
ACC000212,CUST00365,Demat,2017-02-01,Hyderabad,INR,Open,Core Banking,BATCH_20260720,2026-07-20,2026-07-16 11:10:47.586151,2026-07-16 11:10:47.586151
ACC000213,CUST00460,Investment,2023-05-10,Mumbai,INR,Open,Core Banking,BATCH_20260720,2026-07-20,2026-07-16 11:10:47.586158,2026-07-16 11:10:47.586158
ACC000214,CUST00298,Savings,2026-05-03,Bengaluru,INR,Open,Core Banking,BATCH_20260720,2026-07-20,2026-07-16 11:10:47.586164,2026-07-16 11:10:47.586164
ACC000215,CUST00039,Savings,2024-10-03,Delhi,INR,Open,Core Banking,BATCH_20260720,2026-07-20,2026-07-16 11:10:47.586169,2026-07-16 11:10:47.586169
ACC000216,CUST00122,Demat,2020-11-08,Kolkata,INR,Open,Core Banking,BATCH_20260720,2026-07-20,2026-07-16 11:10:47.586175,2026-07-16 11:10:47.586175
ACC000217,CUST00475,Investment,2022-04-26,Chennai,INR,Open,Core Banking,BATCH_20260720,2026-07-20,2026-07-16 11:10:47.586181,2026-07-16 11:10:47.586181
ACC000218,CUST00140,Current,2016-09-03,Bengaluru,INR,Open,Core Banking,BATCH_20260720,2026-07-20,2026-07-16 11:10:47.586187,2026-07-16 11:10:47.586187
ACC000219,CUST00400,Savings,2018-06-27,Hyderabad,INR,Open,Core Banking,BATCH_20260720,2026-07-20,2026-07-16 11:10:47.586192,2026-07-16 11:10:47.586192
ACC000220,CUST00231,Investment,2022-01-16,Mumbai,INR,Open,Core Banking,BATCH_20260720,2026-07-20,2026-07-16 11:10:47.586198,2026-07-16 11:10:47.586198
ACC000221,CUST00275,Demat,2019-08-28,Mumbai,INR,Open,Core Banking,BATCH_20260720,2026-07-20,2026-07-16 11:10:47.586203,2026-07-16 11:10:47.586203
ACC000222,CUST00238,Demat,2017-09-09,Hyderabad,INR,Open,Core Banking,BATCH_20260720,2026-07-20,2026-07-16 11:10:47.586209,2026-07-16 11:10:47.586209
ACC000223,CUST00414,Demat,2015-11-27,Bengaluru,INR,Open,Core Banking,BATCH_20260720,2026-07-20,2026-07-16 11:10:47.586216,2026-07-16 11:10:47.586216
ACC000224,CUST00076,Savings,2020-07-26,Chennai,INR,Open,Core Banking,BATCH_20260720,2026-07-20,2026-07-16 11:10:47.586222,2026-07-16 11:10:47.586222
ACC000225,CUST00263,Savings,2021-09-14,Chennai,INR,Open,Core Banking,BATCH_20260720,2026-07-20,2026-07-16 11:10:47.586228,2026-07-16 11:10:47.586228
ACC000226,CUST00016,Investment,2025-02-21,Pune,INR,Open,Core Banking,BATCH_20260720,2026-07-20,2026-07-16 11:10:47.586234,2026-07-16 11:10:47.586234
ACC000227,CUST00128,Savings,2025-05-13,Hyderabad,INR,Open,Core Banking,BATCH_20260720,2026-07-20,2026-07-16 11:10:47.586239,2026-07-16 11:10:47.586239
ACC000228,CUST00063,Savings,2016-05-20,Kolkata,INR,Open,Core Banking,BATCH_20260720,2026-07-20,2026-07-16 11:10:47.586246,2026-07-16 11:10:47.586246
ACC000229,CUST00067,Current,2023-12-26,Chennai,INR,Open,Core Banking,BATCH_20260720,2026-07-20,2026-07-16 11:10:47.586252,2026-07-16 11:10:47.586252
ACC000230,CUST00299,Demat,2016-09-06,Hyderabad,INR,Open,Core Banking,BATCH_20260720,2026-07-20,2026-07-16 11:10:47.586257,2026-07-16 11:10:47.586257
ACC000231,CUST00102,Investment,2017-11-21,Hyderabad,INR,Open,Core Banking,BATCH_20260720,2026-07-20,2026-07-16 11:10:47.586263,2026-07-16 11:10:47.586263
ACC000232,CUST00063,Savings,2025-05-04,Hyderabad,INR,Open,Core Banking,BATCH_20260720,2026-07-20,2026-07-16 11:10:47.586269,2026-07-16 11:10:47.586269
ACC000233,CUST00474,Investment,2023-11-10,Mumbai,INR,Open,Core Banking,BATCH_20260720,2026-07-20,2026-07-16 11:10:47.586274,2026-07-16 11:10:47.586274
ACC000234,CUST00196,Investment,2018-11-16,Chennai,INR,Open,Core Banking,BATCH_20260720,2026-07-20,2026-07-16 11:10:47.586280,2026-07-16 11:10:47.586280
ACC000235,CUST00466,Current,2021-03-02,Chennai,INR,Open,Core Banking,BATCH_20260720,2026-07-20,2026-07-16 11:10:47.586290,2026-07-16 11:10:47.586290
ACC000236,CUST00453,Current,2015-10-11,Pune,INR,Closed,Core Banking,BATCH_20260720,2026-07-20,2026-07-16 11:10:47.586296,2026-07-16 11:10:47.586296
ACC000237,CUST00316,Current,2021-08-14,Mumbai,INR,Open,Core Banking,BATCH_20260720,2026-07-20,2026-07-16 11:10:47.586301,2026-07-16 11:10:47.586301
ACC000238,CUST00452,Investment,2016-05-14,Hyderabad,INR,Open,Core Banking,BATCH_20260720,2026-07-20,2026-07-16 11:10:47.586307,2026-07-16 11:10:47.586307
ACC000239,CUST00197,Current,2024-05-27,Bengaluru,INR,Open,Core Banking,BATCH_20260720,2026-07-20,2026-07-16 11:10:47.586313,2026-07-16 11:10:47.586313
ACC000240,CUST00128,Savings,2023-07-31,Kolkata,INR,Open,Core Banking,BATCH_20260720,2026-07-20,2026-07-16 11:10:47.586319,2026-07-16 11:10:47.586319
ACC000241,CUST00246,Investment,2022-09-19,Pune,INR,Open,Core Banking,BATCH_20260720,2026-07-20,2026-07-16 11:10:47.586325,2026-07-16 11:10:47.586325
ACC000242,CUST00165,Investment,2021-01-24,Bengaluru,INR,Open,Core Banking,BATCH_20260720,2026-07-20,2026-07-16 11:10:47.586330,2026-07-16 11:10:47.586330
ACC000243,CUST00164,Current,2015-08-29,Kolkata,INR,Open,Core Banking,BATCH_20260720,2026-07-20,2026-07-16 11:10:47.586336,2026-07-16 11:10:47.586336
ACC000244,CUST00030,Investment,2026-11-16,Chennai,INR,Closed,Core Banking,BATCH_20260720,2026-07-20,2026-07-16 11:10:47.586344,2026-07-16 11:10:47.586344
ACC000245,CUST00120,Current,2017-03-31,Bengaluru,INR,Open,Core Banking,BATCH_20260720,2026-07-20,2026-07-16 11:10:47.586350,2026-07-16 11:10:47.586350
ACC000246,CUST00137,Savings,2019-12-03,Pune,INR,Open,Core Banking,BATCH_20260720,2026-07-20,2026-07-16 11:10:47.586357,2026-07-16 11:10:47.586357
ACC000247,CUST00182,Current,2018-12-13,Bengaluru,INR,Closed,Core Banking,BATCH_20260720,2026-07-20,2026-07-16 11:10:47.586363,2026-07-16 11:10:47.586363
ACC000248,CUST00163,Demat,2015-08-20,Delhi,INR,Open,Core Banking,BATCH_20260720,2026-07-20,2026-07-16 11:10:47.586369,2026-07-16 11:10:47.586369
ACC000249,CUST00486,Current,2019-03-23,Kolkata,INR,Open,Core Banking,BATCH_20260720,2026-07-20,2026-07-16 11:10:47.586375,2026-07-16 11:10:47.586375
ACC000250,CUST00278,Demat,2018-12-09,Mumbai,INR,Open,Core Banking,BATCH_20260720,2026-07-20,2026-07-16 11:10:47.586381,2026-07-16 11:10:47.586381
ACC000251,CUST00047,Savings,2020-03-20,Pune,INR,Open,Core Banking,BATCH_20260720,2026-07-20,2026-07-16 11:10:47.586387,2026-07-16 11:10:47.586387
ACC000252,CUST00011,Investment,2015-01-06,Chennai,INR,Closed,Core Banking,BATCH_20260720,2026-07-20,2026-07-16 11:10:47.586392,2026-07-16 11:10:47.586392
ACC000253,CUST00104,Current,2022-08-23,Delhi,INR,Open,Core Banking,BATCH_20260720,2026-07-20,2026-07-16 11:10:47.586398,2026-07-16 11:10:47.586398
ACC000254,CUST00471,Demat,2016-05-02,Hyderabad,INR,Open,Core Banking,BATCH_20260720,2026-07-20,2026-07-16 11:10:47.586404,2026-07-16 11:10:47.586404
ACC000255,CUST00301,Current,2017-06-27,Kolkata,INR,Open,Core Banking,BATCH_20260720,2026-07-20,2026-07-16 11:10:47.586410,2026-07-16 11:10:47.586410
ACC000256,CUST00441,Demat,2016-08-17,Chennai,INR,Open,Core Banking,BATCH_20260720,2026-07-20,2026-07-16 11:10:47.586416,2026-07-16 11:10:47.586416
ACC000257,CUST00301,Savings,2022-07-20,Chennai,INR,Open,Core Banking,BATCH_20260720,2026-07-20,2026-07-16 11:10:47.586423,2026-07-16 11:10:47.586423
ACC000258,CUST00070,Current,2024-10-18,Kolkata,INR,Open,Core Banking,BATCH_20260720,2026-07-20,2026-07-16 11:10:47.586429,2026-07-16 11:10:47.586429
ACC000259,CUST00333,Demat,2018-11-28,Delhi,INR,Open,Core Banking,BATCH_20260720,2026-07-20,2026-07-16 11:10:47.586435,2026-07-16 11:10:47.586435
ACC000260,CUST00356,Demat,2020-01-03,Delhi,INR,Closed,Core Banking,BATCH_20260720,2026-07-20,2026-07-16 11:10:47.586440,2026-07-16 11:10:47.586440
ACC000261,CUST00418,Current,2023-06-27,Chennai,INR,Open,Core Banking,BATCH_20260720,2026-07-20,2026-07-16 11:10:47.586447,2026-07-16 11:10:47.586447
ACC000262,CUST00066,Current,2015-01-15,Delhi,INR,Closed,Core Banking,BATCH_20260720,2026-07-20,2026-07-16 11:10:47.586452,2026-07-16 11:10:47.586452
ACC000263,CUST00201,Savings,2019-01-31,Pune,INR,Open,Core Banking,BATCH_20260720,2026-07-20,2026-07-16 11:10:47.586458,2026-07-16 11:10:47.586458
ACC000264,CUST00472,Current,2017-05-02,Mumbai,INR,Open,Core Banking,BATCH_20260720,2026-07-20,2026-07-16 11:10:47.586465,2026-07-16 11:10:47.586465
ACC000265,CUST00170,Savings,2020-05-03,Chennai,INR,Open,Core Banking,BATCH_20260720,2026-07-20,2026-07-16 11:10:47.586471,2026-07-16 11:10:47.586471
ACC000266,CUST00086,Savings,2022-07-13,Mumbai,INR,Open,Core Banking,BATCH_20260720,2026-07-20,2026-07-16 11:10:47.586518,2026-07-16 11:10:47.586518
ACC000267,CUST00136,Current,2020-08-06,Delhi,INR,Open,Core Banking,BATCH_20260720,2026-07-20,2026-07-16 11:10:47.586529,2026-07-16 11:10:47.586529
ACC000268,CUST00180,Demat,2017-06-04,Delhi,INR,Open,Core Banking,BATCH_20260720,2026-07-20,2026-07-16 11:10:47.586539,2026-07-16 11:10:47.586539
ACC000269,CUST00025,Investment,2024-10-29,Delhi,INR,Open,Core Banking,BATCH_20260720,2026-07-20,2026-07-16 11:10:47.586549,2026-07-16 11:10:47.586549
ACC000270,CUST00497,Current,2024-04-14,Mumbai,INR,Open,Core Banking,BATCH_20260720,2026-07-20,2026-07-16 11:10:47.586559,2026-07-16 11:10:47.586559
ACC000271,CUST00180,Investment,2017-04-10,Kolkata,INR,Open,Core Banking,BATCH_20260720,2026-07-20,2026-07-16 11:10:47.586575,2026-07-16 11:10:47.586575
ACC000272,CUST00404,Current,2018-08-25,Mumbai,INR,Open,Core Banking,BATCH_20260720,2026-07-20,2026-07-16 11:10:47.586582,2026-07-16 11:10:47.586582
ACC000273,CUST00410,Savings,2021-08-12,Hyderabad,INR,Open,Core Banking,BATCH_20260720,2026-07-20,2026-07-16 11:10:47.586588,2026-07-16 11:10:47.586588
ACC000274,CUST00134,Savings,2016-08-30,Chennai,INR,Open,Core Banking,BATCH_20260720,2026-07-20,2026-07-16 11:10:47.586594,2026-07-16 11:10:47.586594
ACC000275,CUST00455,Investment,2018-08-11,Delhi,INR,Open,Core Banking,BATCH_20260720,2026-07-20,2026-07-16 11:10:47.586616,2026-07-16 11:10:47.586616
ACC000276,CUST00281,Savings,2022-07-31,Pune,INR,Closed,Core Banking,BATCH_20260720,2026-07-20,2026-07-16 11:10:47.586622,2026-07-16 11:10:47.586622
ACC000277,CUST00458,Investment,2015-09-11,Mumbai,INR,Open,Core Banking,BATCH_20260720,2026-07-20,2026-07-16 11:10:47.586628,2026-07-16 11:10:47.586628
ACC000278,CUST00311,Investment,2018-07-10,Hyderabad,INR,Open,Core Banking,BATCH_20260720,2026-07-20,2026-07-16 11:10:47.586634,2026-07-16 11:10:47.586634
ACC000279,CUST00170,Current,2019-04-06,Mumbai,INR,Open,Core Banking,BATCH_20260720,2026-07-20,2026-07-16 11:10:47.586640,2026-07-16 11:10:47.586640
ACC000280,CUST00370,Demat,2021-04-25,Chennai,INR,Open,Core Banking,BATCH_20260720,2026-07-20,2026-07-16 11:10:47.586646,2026-07-16 11:10:47.586646
ACC000281,CUST00050,Savings,2023-10-24,Pune,INR,Open,Core Banking,BATCH_20260720,2026-07-20,2026-07-16 11:10:47.586652,2026-07-16 11:10:47.586652
ACC000282,CUST00431,Investment,2018-06-12,Hyderabad,INR,Open,Core Banking,BATCH_20260720,2026-07-20,2026-07-16 11:10:47.586658,2026-07-16 11:10:47.586658
ACC000283,CUST00002,Investment,2016-12-18,Chennai,INR,Closed,Core Banking,BATCH_20260720,2026-07-20,2026-07-16 11:10:47.586663,2026-07-16 11:10:47.586663
ACC000284,CUST00246,Current,2017-03-05,Hyderabad,INR,Open,Core Banking,BATCH_20260720,2026-07-20,2026-07-16 11:10:47.586670,2026-07-16 11:10:47.586670
ACC000285,CUST00088,Demat,2016-11-02,Mumbai,INR,Open,Core Banking,BATCH_20260720,2026-07-20,2026-07-16 11:10:47.586675,2026-07-16 11:10:47.586675
ACC000286,CUST00158,Investment,2025-07-24,Mumbai,INR,Open,Core Banking,BATCH_20260720,2026-07-20,2026-07-16 11:10:47.586682,2026-07-16 11:10:47.586682
ACC000287,CUST00047,Investment,2019-02-23,Chennai,INR,Open,Core Banking,BATCH_20260720,2026-07-20,2026-07-16 11:10:47.586687,2026-07-16 11:10:47.586687
ACC000288,CUST00190,Current,2024-12-30,Hyderabad,INR,Open,Core Banking,BATCH_20260720,2026-07-20,2026-07-16 11:10:47.586693,2026-07-16 11:10:47.586693
ACC000289,CUST00226,Investment,2020-11-27,Bengaluru,INR,Open,Core Banking,BATCH_20260720,2026-07-20,2026-07-16 11:10:47.586699,2026-07-16 11:10:47.586699
ACC000290,CUST00289,Savings,2018-05-23,Kolkata,INR,Open,Core Banking,BATCH_20260720,2026-07-20,2026-07-16 11:10:47.586704,2026-07-16 11:10:47.586704
ACC000291,CUST00044,Demat,2024-04-14,Kolkata,INR,Closed,Core Banking,BATCH_20260720,2026-07-20,2026-07-16 11:10:47.586710,2026-07-16 11:10:47.586710
ACC000292,CUST00117,Savings,2023-09-07,Kolkata,INR,Open,Core Banking,BATCH_20260720,2026-07-20,2026-07-16 11:10:47.586716,2026-07-16 11:10:47.586716
ACC000293,CUST00215,Investment,2020-04-14,Mumbai,INR,Open,Core Banking,BATCH_20260720,2026-07-20,2026-07-16 11:10:47.586722,2026-07-16 11:10:47.586722
ACC000294,CUST00041,Investment,2015-10-12,Pune,INR,Closed,Core Banking,BATCH_20260720,2026-07-20,2026-07-16 11:10:47.586727,2026-07-16 11:10:47.586727
ACC000295,CUST00462,Current,2017-09-12,Kolkata,INR,Open,Core Banking,BATCH_20260720,2026-07-20,2026-07-16 11:10:47.586733,2026-07-16 11:10:47.586733
ACC000296,CUST00089,Current,2019-10-02,Kolkata,INR,Open,Core Banking,BATCH_20260720,2026-07-20,2026-07-16 11:10:47.586739,2026-07-16 11:10:47.586739
ACC000297,CUST00065,Savings,2024-06-30,Hyderabad,INR,Open,Core Banking,BATCH_20260720,2026-07-20,2026-07-16 11:10:47.586745,2026-07-16 11:10:47.586745
ACC000298,CUST00104,Current,2020-10-13,Chennai,INR,Open,Core Banking,BATCH_20260720,2026-07-20,2026-07-16 11:10:47.586750,2026-07-16 11:10:47.586750
ACC000299,CUST00045,Investment,2023-11-30,Pune,INR,Open,Core Banking,BATCH_20260720,2026-07-20,2026-07-16 11:10:47.586756,2026-07-16 11:10:47.586756
ACC000300,CUST00439,Demat,2026-08-28,Mumbai,INR,Open,Core Banking,BATCH_20260720,2026-07-20,2026-07-16 11:10:47.586761,2026-07-16 11:10:47.586761
ACC000301,CUST00403,Investment,2017-07-10,Mumbai,INR,Open,Core Banking,BATCH_20260720,2026-07-20,2026-07-16 11:10:47.586767,2026-07-16 11:10:47.586767
ACC000302,CUST00076,Savings,2017-05-15,Pune,INR,Open,Core Banking,BATCH_20260720,2026-07-20,2026-07-16 11:10:47.586773,2026-07-16 11:10:47.586773
ACC000303,CUST00403,Demat,2022-09-17,Mumbai,INR,Open,Core Banking,BATCH_20260720,2026-07-20,2026-07-16 11:10:47.586779,2026-07-16 11:10:47.586779
ACC000304,CUST00197,Investment,2025-08-11,Hyderabad,INR,Open,Core Banking,BATCH_20260720,2026-07-20,2026-07-16 11:10:47.586786,2026-07-16 11:10:47.586786
ACC000305,CUST00142,Investment,2018-03-24,Pune,INR,Closed,Core Banking,BATCH_20260720,2026-07-20,2026-07-16 11:10:47.586793,2026-07-16 11:10:47.586793
ACC000306,CUST00349,Investment,2015-11-14,Mumbai,INR,Open,Core Banking,BATCH_20260720,2026-07-20,2026-07-16 11:10:47.586799,2026-07-16 11:10:47.586799
ACC000307,CUST00354,Current,2016-02-08,Delhi,INR,Open,Core Banking,BATCH_20260720,2026-07-20,2026-07-16 11:10:47.586804,2026-07-16 11:10:47.586804
ACC000308,CUST00472,Demat,2023-05-10,Hyderabad,INR,Open,Core Banking,BATCH_20260720,2026-07-20,2026-07-16 11:10:47.586810,2026-07-16 11:10:47.586810
ACC000309,CUST00419,Demat,2021-12-22,Chennai,INR,Open,Core Banking,BATCH_20260720,2026-07-20,2026-07-16 11:10:47.586820,2026-07-16 11:10:47.586820
ACC000310,CUST00440,Savings,2020-02-11,Bengaluru,INR,Open,Core Banking,BATCH_20260720,2026-07-20,2026-07-16 11:10:47.586828,2026-07-16 11:10:47.586828
ACC000311,CUST00499,Investment,2022-03-13,Chennai,INR,Open,Core Banking,BATCH_20260720,2026-07-20,2026-07-16 11:10:47.586834,2026-07-16 11:10:47.586834
ACC000312,CUST00310,Savings,2019-03-20,Mumbai,INR,Open,Core Banking,BATCH_20260720,2026-07-20,2026-07-16 11:10:47.586840,2026-07-16 11:10:47.586840
ACC000313,CUST00468,Investment,2025-11-12,Kolkata,INR,Open,Core Banking,BATCH_20260720,2026-07-20,2026-07-16 11:10:47.586846,2026-07-16 11:10:47.586846
ACC000314,CUST00445,Demat,2016-04-05,Pune,INR,Open,Core Banking,BATCH_20260720,2026-07-20,2026-07-16 11:10:47.586852,2026-07-16 11:10:47.586852
ACC000315,CUST00034,Demat,2026-05-14,Mumbai,INR,Open,Core Banking,BATCH_20260720,2026-07-20,2026-07-16 11:10:47.586894,2026-07-16 11:10:47.586894
ACC000316,CUST00400,Savings,2018-11-24,Bengaluru,INR,Open,Core Banking,BATCH_20260720,2026-07-20,2026-07-16 11:10:47.586904,2026-07-16 11:10:47.586904
ACC000317,CUST00429,Savings,2020-08-05,Hyderabad,INR,Open,Core Banking,BATCH_20260720,2026-07-20,2026-07-16 11:10:47.586913,2026-07-16 11:10:47.586913
ACC000318,CUST00026,Demat,2019-06-20,Chennai,INR,Open,Core Banking,BATCH_20260720,2026-07-20,2026-07-16 11:10:47.586929,2026-07-16 11:10:47.586929
ACC000319,CUST00422,Investment,2026-04-30,Mumbai,INR,Open,Core Banking,BATCH_20260720,2026-07-20,2026-07-16 11:10:47.586939,2026-07-16 11:10:47.586939
ACC000320,CUST00349,Savings,2020-06-04,Chennai,INR,Open,Core Banking,BATCH_20260720,2026-07-20,2026-07-16 11:10:47.586949,2026-07-16 11:10:47.586949
ACC000321,CUST00305,Investment,2018-12-25,Kolkata,INR,Open,Core Banking,BATCH_20260720,2026-07-20,2026-07-16 11:10:47.586959,2026-07-16 11:10:47.586959
ACC000322,CUST00301,Demat,2022-09-21,Bengaluru,INR,Open,Core Banking,BATCH_20260720,2026-07-20,2026-07-16 11:10:47.586977,2026-07-16 11:10:47.586977
ACC000323,CUST00384,Savings,2021-05-24,Hyderabad,INR,Open,Core Banking,BATCH_20260720,2026-07-20,2026-07-16 11:10:47.586983,2026-07-16 11:10:47.586983
ACC000324,CUST00026,Current,2019-10-22,Kolkata,INR,Open,Core Banking,BATCH_20260720,2026-07-20,2026-07-16 11:10:47.586989,2026-07-16 11:10:47.586989
ACC000325,CUST00332,Current,2019-08-21,Chennai,INR,Open,Core Banking,BATCH_20260720,2026-07-20,2026-07-16 11:10:47.586995,2026-07-16 11:10:47.586995
ACC000326,CUST00263,Savings,2015-03-14,Mumbai,INR,Open,Core Banking,BATCH_20260720,2026-07-20,2026-07-16 11:10:47.587001,2026-07-16 11:10:47.587001
ACC000327,CUST00332,Current,2015-03-11,Bengaluru,INR,Open,Core Banking,BATCH_20260720,2026-07-20,2026-07-16 11:10:47.587007,2026-07-16 11:10:47.587007
ACC000328,CUST00312,Demat,2021-03-05,Mumbai,INR,Open,Core Banking,BATCH_20260720,2026-07-20,2026-07-16 11:10:47.587018,2026-07-16 11:10:47.587018
ACC000329,CUST00437,Demat,2025-04-18,Chennai,INR,Open,Core Banking,BATCH_20260720,2026-07-20,2026-07-16 11:10:47.587023,2026-07-16 11:10:47.587023
ACC000330,CUST00239,Demat,2026-09-05,Kolkata,INR,Closed,Core Banking,BATCH_20260720,2026-07-20,2026-07-16 11:10:47.587029,2026-07-16 11:10:47.587029
ACC000331,CUST00204,Savings,2015-03-02,Pune,INR,Open,Core Banking,BATCH_20260720,2026-07-20,2026-07-16 11:10:47.587035,2026-07-16 11:10:47.587035
ACC000332,CUST00288,Demat,2021-09-11,Delhi,INR,Open,Core Banking,BATCH_20260720,2026-07-20,2026-07-16 11:10:47.587040,2026-07-16 11:10:47.587040
ACC000333,CUST00247,Savings,2022-07-17,Chennai,INR,Open,Core Banking,BATCH_20260720,2026-07-20,2026-07-16 11:10:47.587046,2026-07-16 11:10:47.587046
ACC000334,CUST00442,Demat,2020-11-09,Delhi,INR,Open,Core Banking,BATCH_20260720,2026-07-20,2026-07-16 11:10:47.587051,2026-07-16 11:10:47.587051
ACC000335,CUST00097,Current,2026-08-08,Kolkata,INR,Open,Core Banking,BATCH_20260720,2026-07-20,2026-07-16 11:10:47.587057,2026-07-16 11:10:47.587057
ACC000336,CUST00461,Savings,2024-01-24,Delhi,INR,Open,Core Banking,BATCH_20260720,2026-07-20,2026-07-16 11:10:47.587063,2026-07-16 11:10:47.587063
ACC000337,CUST00349,Current,2015-07-28,Delhi,INR,Open,Core Banking,BATCH_20260720,2026-07-20,2026-07-16 11:10:47.587069,2026-07-16 11:10:47.587069
ACC000338,CUST00152,Demat,2024-05-21,Mumbai,INR,Open,Core Banking,BATCH_20260720,2026-07-20,2026-07-16 11:10:47.587074,2026-07-16 11:10:47.587074
ACC000339,CUST00378,Savings,2019-04-05,Chennai,INR,Open,Core Banking,BATCH_20260720,2026-07-20,2026-07-16 11:10:47.587083,2026-07-16 11:10:47.587083
ACC000340,CUST00352,Investment,2023-01-15,Pune,INR,Open,Core Banking,BATCH_20260720,2026-07-20,2026-07-16 11:10:47.587089,2026-07-16 11:10:47.587089
ACC000341,CUST00433,Current,2019-01-23,Chennai,INR,Open,Core Banking,BATCH_20260720,2026-07-20,2026-07-16 11:10:47.587095,2026-07-16 11:10:47.587095
ACC000342,CUST00242,Current,2020-10-19,Delhi,INR,Open,Core Banking,BATCH_20260720,2026-07-20,2026-07-16 11:10:47.587101,2026-07-16 11:10:47.587101
ACC000343,CUST00391,Current,2022-07-12,Delhi,INR,Open,Core Banking,BATCH_20260720,2026-07-20,2026-07-16 11:10:47.587107,2026-07-16 11:10:47.587107
ACC000344,CUST00114,Demat,2020-01-04,Delhi,INR,Open,Core Banking,BATCH_20260720,2026-07-20,2026-07-16 11:10:47.587115,2026-07-16 11:10:47.587115
ACC000345,CUST00216,Demat,2023-05-03,Chennai,INR,Closed,Core Banking,BATCH_20260720,2026-07-20,2026-07-16 11:10:47.587120,2026-07-16 11:10:47.587120
ACC000346,CUST00151,Investment,2017-08-22,Mumbai,INR,Open,Core Banking,BATCH_20260720,2026-07-20,2026-07-16 11:10:47.587126,2026-07-16 11:10:47.587126
ACC000347,CUST00444,Savings,2025-08-04,Bengaluru,INR,Open,Core Banking,BATCH_20260720,2026-07-20,2026-07-16 11:10:47.587131,2026-07-16 11:10:47.587131
ACC000348,CUST00062,Investment,2026-11-19,Chennai,INR,Open,Core Banking,BATCH_20260720,2026-07-20,2026-07-16 11:10:47.587137,2026-07-16 11:10:47.587137
ACC000349,CUST00028,Current,2018-01-30,Bengaluru,INR,Open,Core Banking,BATCH_20260720,2026-07-20,2026-07-16 11:10:47.587143,2026-07-16 11:10:47.587143
ACC000350,CUST00210,Investment,2018-03-19,Chennai,INR,Open,Core Banking,BATCH_20260720,2026-07-20,2026-07-16 11:10:47.587149,2026-07-16 11:10:47.587149
ACC000351,CUST00399,Savings,2025-12-08,Chennai,INR,Open,Core Banking,BATCH_20260720,2026-07-20,2026-07-16 11:10:47.587154,2026-07-16 11:10:47.587154
ACC000352,CUST00161,Savings,2015-02-08,Mumbai,INR,Open,Core Banking,BATCH_20260720,2026-07-20,2026-07-16 11:10:47.587160,2026-07-16 11:10:47.587160
ACC000353,CUST00108,Current,2018-07-21,Mumbai,INR,Open,Core Banking,BATCH_20260720,2026-07-20,2026-07-16 11:10:47.587166,2026-07-16 11:10:47.587166
ACC000354,CUST00067,Investment,2024-08-18,Mumbai,INR,Open,Core Banking,BATCH_20260720,2026-07-20,2026-07-16 11:10:47.587175,2026-07-16 11:10:47.587175
ACC000355,CUST00495,Investment,2023-08-07,Hyderabad,INR,Open,Core Banking,BATCH_20260720,2026-07-20,2026-07-16 11:10:47.587181,2026-07-16 11:10:47.587181
ACC000356,CUST00274,Current,2023-05-15,Hyderabad,INR,Open,Core Banking,BATCH_20260720,2026-07-20,2026-07-16 11:10:47.587187,2026-07-16 11:10:47.587187
ACC000357,CUST00388,Current,2015-05-27,Delhi,INR,Open,Core Banking,BATCH_20260720,2026-07-20,2026-07-16 11:10:47.587192,2026-07-16 11:10:47.587192
ACC000358,CUST00321,Current,2020-01-28,Delhi,INR,Open,Core Banking,BATCH_20260720,2026-07-20,2026-07-16 11:10:47.587198,2026-07-16 11:10:47.587198
ACC000359,CUST00160,Current,2017-04-21,Mumbai,INR,Open,Core Banking,BATCH_20260720,2026-07-20,2026-07-16 11:10:47.587203,2026-07-16 11:10:47.587203
ACC000360,CUST00302,Demat,2018-09-30,Hyderabad,INR,Open,Core Banking,BATCH_20260720,2026-07-20,2026-07-16 11:10:47.587209,2026-07-16 11:10:47.587209
ACC000361,CUST00153,Demat,2025-03-23,Delhi,INR,Open,Core Banking,BATCH_20260720,2026-07-20,2026-07-16 11:10:47.587214,2026-07-16 11:10:47.587214
ACC000362,CUST00306,Demat,2024-09-22,Delhi,INR,Open,Core Banking,BATCH_20260720,2026-07-20,2026-07-16 11:10:47.587220,2026-07-16 11:10:47.587220
ACC000363,CUST00176,Investment,2023-01-21,Kolkata,INR,Open,Core Banking,BATCH_20260720,2026-07-20,2026-07-16 11:10:47.587225,2026-07-16 11:10:47.587225
ACC000364,CUST00085,Investment,2015-06-06,Bengaluru,INR,Open,Core Banking,BATCH_20260720,2026-07-20,2026-07-16 11:10:47.587231,2026-07-16 11:10:47.587231
ACC000365,CUST00373,Current,2019-09-27,Delhi,INR,Open,Core Banking,BATCH_20260720,2026-07-20,2026-07-16 11:10:47.587237,2026-07-16 11:10:47.587237
ACC000366,CUST00302,Current,2017-10-05,Chennai,INR,Open,Core Banking,BATCH_20260720,2026-07-20,2026-07-16 11:10:47.587242,2026-07-16 11:10:47.587242
ACC000367,CUST00193,Demat,2026-12-29,Pune,INR,Open,Core Banking,BATCH_20260720,2026-07-20,2026-07-16 11:10:47.587248,2026-07-16 11:10:47.587248
ACC000368,CUST00305,Savings,2017-06-04,Delhi,INR,Open,Core Banking,BATCH_20260720,2026-07-20,2026-07-16 11:10:47.587253,2026-07-16 11:10:47.587253
ACC000369,CUST00025,Savings,2024-05-07,Mumbai,INR,Open,Core Banking,BATCH_20260720,2026-07-20,2026-07-16 11:10:47.587259,2026-07-16 11:10:47.587259
ACC000370,CUST00064,Demat,2025-08-22,Delhi,INR,Open,Core Banking,BATCH_20260720,2026-07-20,2026-07-16 11:10:47.587266,2026-07-16 11:10:47.587266
ACC000371,CUST00106,Savings,2021-10-02,Mumbai,INR,Open,Core Banking,BATCH_20260720,2026-07-20,2026-07-16 11:10:47.587272,2026-07-16 11:10:47.587272
ACC000372,CUST00340,Demat,2018-01-28,Mumbai,INR,Open,Core Banking,BATCH_20260720,2026-07-20,2026-07-16 11:10:47.587530,2026-07-16 11:10:47.587530
ACC000373,CUST00262,Savings,2021-05-04,Hyderabad,INR,Open,Core Banking,BATCH_20260720,2026-07-20,2026-07-16 11:10:47.587538,2026-07-16 11:10:47.587538
ACC000374,CUST00255,Current,2019-06-25,Kolkata,INR,Open,Core Banking,BATCH_20260720,2026-07-20,2026-07-16 11:10:47.587544,2026-07-16 11:10:47.587544
ACC000375,CUST00426,Current,2023-01-11,Delhi,INR,Open,Core Banking,BATCH_20260720,2026-07-20,2026-07-16 11:10:47.587550,2026-07-16 11:10:47.587550
ACC000376,CUST00152,Current,2015-11-19,Pune,INR,Open,Core Banking,BATCH_20260720,2026-07-20,2026-07-16 11:10:47.587555,2026-07-16 11:10:47.587555
ACC000377,CUST00467,Current,2025-10-12,Chennai,INR,Open,Core Banking,BATCH_20260720,2026-07-20,2026-07-16 11:10:47.587561,2026-07-16 11:10:47.587561
ACC000378,CUST00002,Savings,2016-12-30,Hyderabad,INR,Closed,Core Banking,BATCH_20260720,2026-07-20,2026-07-16 11:10:47.587566,2026-07-16 11:10:47.587566
ACC000379,CUST00343,Investment,2018-05-06,Hyderabad,INR,Open,Core Banking,BATCH_20260720,2026-07-20,2026-07-16 11:10:47.587572,2026-07-16 11:10:47.587572
ACC000380,CUST00039,Savings,2020-09-27,Delhi,INR,Open,Core Banking,BATCH_20260720,2026-07-20,2026-07-16 11:10:47.587578,2026-07-16 11:10:47.587578
ACC000381,CUST00234,Demat,2020-12-03,Mumbai,INR,Open,Core Banking,BATCH_20260720,2026-07-20,2026-07-16 11:10:47.587583,2026-07-16 11:10:47.587583
ACC000382,CUST00052,Current,2015-11-20,Kolkata,INR,Open,Core Banking,BATCH_20260720,2026-07-20,2026-07-16 11:10:47.587589,2026-07-16 11:10:47.587589
ACC000383,CUST00185,Demat,2024-07-21,Delhi,INR,Open,Core Banking,BATCH_20260720,2026-07-20,2026-07-16 11:10:47.587594,2026-07-16 11:10:47.587594
ACC000384,CUST00049,Savings,2015-03-21,Kolkata,INR,Open,Core Banking,BATCH_20260720,2026-07-20,2026-07-16 11:10:47.587600,2026-07-16 11:10:47.587600
ACC000385,CUST00340,Current,2022-05-16,Chennai,INR,Open,Core Banking,BATCH_20260720,2026-07-20,2026-07-16 11:10:47.587607,2026-07-16 11:10:47.587607
ACC000386,CUST00490,Demat,2017-01-31,Chennai,INR,Open,Core Banking,BATCH_20260720,2026-07-20,2026-07-16 11:10:47.587613,2026-07-16 11:10:47.587613
ACC000387,CUST00094,Savings,2023-12-28,Mumbai,INR,Open,Core Banking,BATCH_20260720,2026-07-20,2026-07-16 11:10:47.587618,2026-07-16 11:10:47.587618
ACC000388,CUST00140,Investment,2025-09-22,Kolkata,INR,Open,Core Banking,BATCH_20260720,2026-07-20,2026-07-16 11:10:47.587624,2026-07-16 11:10:47.587624
ACC000389,CUST00333,Current,2017-07-15,Bengaluru,INR,Open,Core Banking,BATCH_20260720,2026-07-20,2026-07-16 11:10:47.587630,2026-07-16 11:10:47.587630
ACC000390,CUST00483,Current,2017-04-29,Mumbai,INR,Closed,Core Banking,BATCH_20260720,2026-07-20,2026-07-16 11:10:47.587635,2026-07-16 11:10:47.587635
ACC000391,CUST00248,Investment,2019-01-24,Pune,INR,Open,Core Banking,BATCH_20260720,2026-07-20,2026-07-16 11:10:47.587641,2026-07-16 11:10:47.587641
ACC000392,CUST00399,Demat,2015-08-25,Kolkata,INR,Open,Core Banking,BATCH_20260720,2026-07-20,2026-07-16 11:10:47.587647,2026-07-16 11:10:47.587647
ACC000393,CUST00248,Investment,2017-07-14,Mumbai,INR,Open,Core Banking,BATCH_20260720,2026-07-20,2026-07-16 11:10:47.587653,2026-07-16 11:10:47.587653
ACC000394,CUST00024,Savings,2020-11-13,Delhi,INR,Open,Core Banking,BATCH_20260720,2026-07-20,2026-07-16 11:10:47.587659,2026-07-16 11:10:47.587659
ACC000395,CUST00007,Current,2022-08-03,Pune,INR,Open,Core Banking,BATCH_20260720,2026-07-20,2026-07-16 11:10:47.587665,2026-07-16 11:10:47.587665
ACC000396,CUST00353,Savings,2024-09-15,Delhi,INR,Open,Core Banking,BATCH_20260720,2026-07-20,2026-07-16 11:10:47.587671,2026-07-16 11:10:47.587671
ACC000397,CUST00247,Demat,2023-08-19,Bengaluru,INR,Open,Core Banking,BATCH_20260720,2026-07-20,2026-07-16 11:10:47.587676,2026-07-16 11:10:47.587676
ACC000398,CUST00457,Savings,2015-04-06,Delhi,INR,Open,Core Banking,BATCH_20260720,2026-07-20,2026-07-16 11:10:47.587682,2026-07-16 11:10:47.587682
ACC000399,CUST00259,Investment,2026-02-13,Kolkata,INR,Open,Core Banking,BATCH_20260720,2026-07-20,2026-07-16 11:10:47.587688,2026-07-16 11:10:47.587688
ACC000400,CUST00039,Investment,2022-03-11,Bengaluru,INR,Open,Core Banking,BATCH_20260720,2026-07-20,2026-07-16 11:10:47.587693,2026-07-16 11:10:47.587693
ACC000401,CUST00497,Demat,2016-02-17,Pune,INR,Open,Core Banking,BATCH_20260720,2026-07-20,2026-07-16 11:10:47.587698,2026-07-16 11:10:47.587698
ACC000402,CUST00282,Investment,2024-01-17,Kolkata,INR,Open,Core Banking,BATCH_20260720,2026-07-20,2026-07-16 11:10:47.587705,2026-07-16 11:10:47.587705
ACC000403,CUST00041,Investment,2024-12-17,Kolkata,INR,Closed,Core Banking,BATCH_20260720,2026-07-20,2026-07-16 11:10:47.587711,2026-07-16 11:10:47.587711
ACC000404,CUST00230,Savings,2026-03-07,Mumbai,INR,Open,Core Banking,BATCH_20260720,2026-07-20,2026-07-16 11:10:47.587722,2026-07-16 11:10:47.587722
ACC000405,CUST00061,Investment,2015-05-26,Hyderabad,INR,Open,Core Banking,BATCH_20260720,2026-07-20,2026-07-16 11:10:47.587728,2026-07-16 11:10:47.587728
ACC000406,CUST00212,Savings,2015-01-02,Kolkata,INR,Open,Core Banking,BATCH_20260720,2026-07-20,2026-07-16 11:10:47.587734,2026-07-16 11:10:47.587734
ACC000407,CUST00406,Demat,2026-05-27,Pune,INR,Open,Core Banking,BATCH_20260720,2026-07-20,2026-07-16 11:10:47.587739,2026-07-16 11:10:47.587739
ACC000408,CUST00336,Investment,2022-08-24,Chennai,INR,Open,Core Banking,BATCH_20260720,2026-07-20,2026-07-16 11:10:47.587745,2026-07-16 11:10:47.587745
ACC000409,CUST00419,Current,2025-03-11,Chennai,INR,Open,Core Banking,BATCH_20260720,2026-07-20,2026-07-16 11:10:47.587751,2026-07-16 11:10:47.587751
ACC000410,CUST00393,Investment,2023-02-24,Delhi,INR,Open,Core Banking,BATCH_20260720,2026-07-20,2026-07-16 11:10:47.587757,2026-07-16 11:10:47.587757
ACC000411,CUST00059,Savings,2019-12-22,Hyderabad,INR,Open,Core Banking,BATCH_20260720,2026-07-20,2026-07-16 11:10:47.587763,2026-07-16 11:10:47.587763
ACC000412,CUST00182,Demat,2026-09-16,Chennai,INR,Open,Core Banking,BATCH_20260720,2026-07-20,2026-07-16 11:10:47.587768,2026-07-16 11:10:47.587768
ACC000413,CUST00024,Current,2026-01-16,Bengaluru,INR,Open,Core Banking,BATCH_20260720,2026-07-20,2026-07-16 11:10:47.587775,2026-07-16 11:10:47.587775
ACC000414,CUST00055,Demat,2019-05-24,Bengaluru,INR,Open,Core Banking,BATCH_20260720,2026-07-20,2026-07-16 11:10:47.587780,2026-07-16 11:10:47.587780
ACC000415,CUST00477,Investment,2019-11-02,Mumbai,INR,Open,Core Banking,BATCH_20260720,2026-07-20,2026-07-16 11:10:47.587788,2026-07-16 11:10:47.587788
ACC000416,CUST00367,Demat,2017-06-01,Kolkata,INR,Open,Core Banking,BATCH_20260720,2026-07-20,2026-07-16 11:10:47.587797,2026-07-16 11:10:47.587797
ACC000417,CUST00024,Savings,2025-02-07,Mumbai,INR,Closed,Core Banking,BATCH_20260720,2026-07-20,2026-07-16 11:10:47.587803,2026-07-16 11:10:47.587803
ACC000418,CUST00490,Current,2026-03-10,Hyderabad,INR,Open,Core Banking,BATCH_20260720,2026-07-20,2026-07-16 11:10:47.587809,2026-07-16 11:10:47.587809
ACC000419,CUST00377,Savings,2024-09-15,Kolkata,INR,Closed,Core Banking,BATCH_20260720,2026-07-20,2026-07-16 11:10:47.587815,2026-07-16 11:10:47.587815
ACC000420,CUST00248,Current,2018-11-23,Delhi,INR,Open,Core Banking,BATCH_20260720,2026-07-20,2026-07-16 11:10:47.587821,2026-07-16 11:10:47.587821
ACC000421,CUST00054,Investment,2022-03-21,Pune,INR,Open,Core Banking,BATCH_20260720,2026-07-20,2026-07-16 11:10:47.587827,2026-07-16 11:10:47.587827
ACC000422,CUST00215,Current,2021-02-19,Mumbai,INR,Open,Core Banking,BATCH_20260720,2026-07-20,2026-07-16 11:10:47.587833,2026-07-16 11:10:47.587833
ACC000423,CUST00497,Demat,2025-02-26,Kolkata,INR,Open,Core Banking,BATCH_20260720,2026-07-20,2026-07-16 11:10:47.587839,2026-07-16 11:10:47.587839
ACC000424,CUST00071,Investment,2026-06-28,Chennai,INR,Open,Core Banking,BATCH_20260720,2026-07-20,2026-07-16 11:10:47.587845,2026-07-16 11:10:47.587845
ACC000425,CUST00441,Demat,2019-11-16,Bengaluru,INR,Open,Core Banking,BATCH_20260720,2026-07-20,2026-07-16 11:10:47.587851,2026-07-16 11:10:47.587851
ACC000426,CUST00320,Demat,2022-09-29,Delhi,INR,Open,Core Banking,BATCH_20260720,2026-07-20,2026-07-16 11:10:47.587856,2026-07-16 11:10:47.587856
ACC000427,CUST00364,Current,2026-04-20,Pune,INR,Open,Core Banking,BATCH_20260720,2026-07-20,2026-07-16 11:10:47.587862,2026-07-16 11:10:47.587862
ACC000428,CUST00364,Savings,2022-11-25,Pune,INR,Open,Core Banking,BATCH_20260720,2026-07-20,2026-07-16 11:10:47.587867,2026-07-16 11:10:47.587867
ACC000429,CUST00299,Investment,2026-12-22,Chennai,INR,Open,Core Banking,BATCH_20260720,2026-07-20,2026-07-16 11:10:47.587873,2026-07-16 11:10:47.587873
ACC000430,CUST00414,Savings,2026-09-22,Hyderabad,INR,Open,Core Banking,BATCH_20260720,2026-07-20,2026-07-16 11:10:47.587878,2026-07-16 11:10:47.587878
ACC000431,CUST00196,Current,2016-03-10,Delhi,INR,Open,Core Banking,BATCH_20260720,2026-07-20,2026-07-16 11:10:47.587884,2026-07-16 11:10:47.587884
ACC000432,CUST00103,Demat,2018-08-11,Chennai,INR,Open,Core Banking,BATCH_20260720,2026-07-20,2026-07-16 11:10:47.587889,2026-07-16 11:10:47.587889
ACC000433,CUST00075,Savings,2021-08-14,Bengaluru,INR,Open,Core Banking,BATCH_20260720,2026-07-20,2026-07-16 11:10:47.587895,2026-07-16 11:10:47.587895
ACC000434,CUST00017,Demat,2025-02-24,Hyderabad,INR,Closed,Core Banking,BATCH_20260720,2026-07-20,2026-07-16 11:10:47.587901,2026-07-16 11:10:47.587901
ACC000435,CUST00445,Current,2023-09-21,Bengaluru,INR,Open,Core Banking,BATCH_20260720,2026-07-20,2026-07-16 11:10:47.587907,2026-07-16 11:10:47.587907
ACC000436,CUST00402,Demat,2016-01-20,Mumbai,INR,Open,Core Banking,BATCH_20260720,2026-07-20,2026-07-16 11:10:47.587912,2026-07-16 11:10:47.587912
ACC000437,CUST00214,Demat,2016-03-16,Hyderabad,INR,Open,Core Banking,BATCH_20260720,2026-07-20,2026-07-16 11:10:47.587918,2026-07-16 11:10:47.587918
ACC000438,CUST00104,Investment,2020-01-22,Delhi,INR,Open,Core Banking,BATCH_20260720,2026-07-20,2026-07-16 11:10:47.587924,2026-07-16 11:10:47.587924
ACC000439,CUST00387,Current,2019-05-05,Chennai,INR,Open,Core Banking,BATCH_20260720,2026-07-20,2026-07-16 11:10:47.587930,2026-07-16 11:10:47.587930
ACC000440,CUST00091,Savings,2019-03-12,Bengaluru,INR,Open,Core Banking,BATCH_20260720,2026-07-20,2026-07-16 11:10:47.587935,2026-07-16 11:10:47.587935
ACC000441,CUST00062,Investment,2015-11-29,Mumbai,INR,Open,Core Banking,BATCH_20260720,2026-07-20,2026-07-16 11:10:47.587940,2026-07-16 11:10:47.587940
ACC000442,CUST00285,Demat,2017-12-01,Bengaluru,INR,Closed,Core Banking,BATCH_20260720,2026-07-20,2026-07-16 11:10:47.587946,2026-07-16 11:10:47.587946
ACC000443,CUST00434,Demat,2015-02-16,Chennai,INR,Open,Core Banking,BATCH_20260720,2026-07-20,2026-07-16 11:10:47.587951,2026-07-16 11:10:47.587951
ACC000444,CUST00364,Current,2015-11-24,Bengaluru,INR,Open,Core Banking,BATCH_20260720,2026-07-20,2026-07-16 11:10:47.587960,2026-07-16 11:10:47.587960
ACC000445,CUST00306,Savings,2021-10-03,Mumbai,INR,Closed,Core Banking,BATCH_20260720,2026-07-20,2026-07-16 11:10:47.587966,2026-07-16 11:10:47.587966
ACC000446,CUST00282,Demat,2016-08-20,Kolkata,INR,Open,Core Banking,BATCH_20260720,2026-07-20,2026-07-16 11:10:47.587971,2026-07-16 11:10:47.587971
ACC000447,CUST00270,Current,2019-02-15,Pune,INR,Open,Core Banking,BATCH_20260720,2026-07-20,2026-07-16 11:10:47.587976,2026-07-16 11:10:47.587976
ACC000448,CUST00403,Current,2024-04-30,Pune,INR,Open,Core Banking,BATCH_20260720,2026-07-20,2026-07-16 11:10:47.587982,2026-07-16 11:10:47.587982
ACC000449,CUST00207,Savings,2022-11-02,Bengaluru,INR,Open,Core Banking,BATCH_20260720,2026-07-20,2026-07-16 11:10:47.587987,2026-07-16 11:10:47.587987
ACC000450,CUST00340,Demat,2022-06-05,Chennai,INR,Open,Core Banking,BATCH_20260720,2026-07-20,2026-07-16 11:10:47.587993,2026-07-16 11:10:47.587993
ACC000451,CUST00112,Investment,2015-03-14,Hyderabad,INR,Open,Core Banking,BATCH_20260720,2026-07-20,2026-07-16 11:10:47.587999,2026-07-16 11:10:47.587999
ACC000452,CUST00229,Current,2020-06-20,Hyderabad,INR,Open,Core Banking,BATCH_20260720,2026-07-20,2026-07-16 11:10:47.588005,2026-07-16 11:10:47.588005
ACC000453,CUST00196,Savings,2023-08-28,Chennai,INR,Open,Core Banking,BATCH_20260720,2026-07-20,2026-07-16 11:10:47.588010,2026-07-16 11:10:47.588010
ACC000454,CUST00371,Demat,2015-07-22,Pune,INR,Open,Core Banking,BATCH_20260720,2026-07-20,2026-07-16 11:10:47.588018,2026-07-16 11:10:47.588018
ACC000455,CUST00264,Investment,2025-12-01,Hyderabad,INR,Open,Core Banking,BATCH_20260720,2026-07-20,2026-07-16 11:10:47.588024,2026-07-16 11:10:47.588024
ACC000456,CUST00460,Current,2022-03-09,Pune,INR,Open,Core Banking,BATCH_20260720,2026-07-20,2026-07-16 11:10:47.588029,2026-07-16 11:10:47.588029
ACC000457,CUST00486,Savings,2018-10-03,Kolkata,INR,Open,Core Banking,BATCH_20260720,2026-07-20,2026-07-16 11:10:47.588035,2026-07-16 11:10:47.588035
ACC000458,CUST00274,Savings,2016-06-20,Bengaluru,INR,Open,Core Banking,BATCH_20260720,2026-07-20,2026-07-16 11:10:47.588041,2026-07-16 11:10:47.588041
ACC000459,CUST00443,Investment,2017-05-01,Bengaluru,INR,Open,Core Banking,BATCH_20260720,2026-07-20,2026-07-16 11:10:47.588048,2026-07-16 11:10:47.588048
ACC000460,CUST00425,Investment,2016-08-13,Delhi,INR,Open,Core Banking,BATCH_20260720,2026-07-20,2026-07-16 11:10:47.588053,2026-07-16 11:10:47.588053
ACC000461,CUST00013,Investment,2022-06-10,Hyderabad,INR,Open,Core Banking,BATCH_20260720,2026-07-20,2026-07-16 11:10:47.588059,2026-07-16 11:10:47.588059
ACC000462,CUST00038,Savings,2018-12-29,Kolkata,INR,Open,Core Banking,BATCH_20260720,2026-07-20,2026-07-16 11:10:47.588064,2026-07-16 11:10:47.588064
ACC000463,CUST00286,Savings,2020-02-08,Chennai,INR,Open,Core Banking,BATCH_20260720,2026-07-20,2026-07-16 11:10:47.588070,2026-07-16 11:10:47.588070
ACC000464,CUST00199,Investment,2024-01-27,Mumbai,INR,Open,Core Banking,BATCH_20260720,2026-07-20,2026-07-16 11:10:47.588078,2026-07-16 11:10:47.588078
ACC000465,CUST00009,Investment,2017-08-27,Pune,INR,Open,Core Banking,BATCH_20260720,2026-07-20,2026-07-16 11:10:47.588083,2026-07-16 11:10:47.588083
ACC000466,CUST00329,Savings,2016-01-08,Delhi,INR,Open,Core Banking,BATCH_20260720,2026-07-20,2026-07-16 11:10:47.588096,2026-07-16 11:10:47.588096
ACC000467,CUST00184,Savings,2021-07-02,Kolkata,INR,Open,Core Banking,BATCH_20260720,2026-07-20,2026-07-16 11:10:47.588102,2026-07-16 11:10:47.588102
ACC000468,CUST00311,Savings,2021-04-25,Kolkata,INR,Open,Core Banking,BATCH_20260720,2026-07-20,2026-07-16 11:10:47.588107,2026-07-16 11:10:47.588107
ACC000469,CUST00196,Investment,2015-09-10,Mumbai,INR,Open,Core Banking,BATCH_20260720,2026-07-20,2026-07-16 11:10:47.588113,2026-07-16 11:10:47.588113
ACC000470,CUST00274,Current,2018-01-22,Delhi,INR,Open,Core Banking,BATCH_20260720,2026-07-20,2026-07-16 11:10:47.588118,2026-07-16 11:10:47.588118
ACC000471,CUST00408,Demat,2018-03-26,Chennai,INR,Open,Core Banking,BATCH_20260720,2026-07-20,2026-07-16 11:10:47.588124,2026-07-16 11:10:47.588124
ACC000472,CUST00491,Savings,2018-03-04,Hyderabad,INR,Open,Core Banking,BATCH_20260720,2026-07-20,2026-07-16 11:10:47.588130,2026-07-16 11:10:47.588130
ACC000473,CUST00003,Investment,2016-11-28,Chennai,INR,Open,Core Banking,BATCH_20260720,2026-07-20,2026-07-16 11:10:47.588136,2026-07-16 11:10:47.588136
ACC000474,CUST00384,Demat,2019-10-01,Mumbai,INR,Open,Core Banking,BATCH_20260720,2026-07-20,2026-07-16 11:10:47.588144,2026-07-16 11:10:47.588144
ACC000475,CUST00073,Current,2019-02-16,Bengaluru,INR,Closed,Core Banking,BATCH_20260720,2026-07-20,2026-07-16 11:10:47.588149,2026-07-16 11:10:47.588149
ACC000476,CUST00428,Demat,2019-05-11,Hyderabad,INR,Open,Core Banking,BATCH_20260720,2026-07-20,2026-07-16 11:10:47.588155,2026-07-16 11:10:47.588155
ACC000477,CUST00344,Savings,2025-05-06,Delhi,INR,Open,Core Banking,BATCH_20260720,2026-07-20,2026-07-16 11:10:47.588160,2026-07-16 11:10:47.588160
ACC000478,CUST00038,Demat,2016-07-05,Chennai,INR,Open,Core Banking,BATCH_20260720,2026-07-20,2026-07-16 11:10:47.588172,2026-07-16 11:10:47.588172
ACC000479,CUST00102,Investment,2022-06-03,Chennai,INR,Open,Core Banking,BATCH_20260720,2026-07-20,2026-07-16 11:10:47.588177,2026-07-16 11:10:47.588177
ACC000480,CUST00344,Current,2017-03-30,Chennai,INR,Closed,Core Banking,BATCH_20260720,2026-07-20,2026-07-16 11:10:47.588183,2026-07-16 11:10:47.588183
ACC000481,CUST00036,Current,2022-02-16,Mumbai,INR,Open,Core Banking,BATCH_20260720,2026-07-20,2026-07-16 11:10:47.588188,2026-07-16 11:10:47.588188
ACC000482,CUST00169,Demat,2018-06-02,Pune,INR,Closed,Core Banking,BATCH_20260720,2026-07-20,2026-07-16 11:10:47.588194,2026-07-16 11:10:47.588194
ACC000483,CUST00187,Demat,2024-08-09,Bengaluru,INR,Open,Core Banking,BATCH_20260720,2026-07-20,2026-07-16 11:10:47.588200,2026-07-16 11:10:47.588200
ACC000484,CUST00161,Current,2019-12-20,Delhi,INR,Open,Core Banking,BATCH_20260720,2026-07-20,2026-07-16 11:10:47.588209,2026-07-16 11:10:47.588209
ACC000485,CUST00142,Demat,2018-01-05,Delhi,INR,Open,Core Banking,BATCH_20260720,2026-07-20,2026-07-16 11:10:47.588215,2026-07-16 11:10:47.588215
ACC000486,CUST00450,Investment,2025-05-19,Mumbai,INR,Open,Core Banking,BATCH_20260720,2026-07-20,2026-07-16 11:10:47.588220,2026-07-16 11:10:47.588220
ACC000487,CUST00397,Demat,2025-12-03,Pune,INR,Open,Core Banking,BATCH_20260720,2026-07-20,2026-07-16 11:10:47.588225,2026-07-16 11:10:47.588225
ACC000488,CUST00090,Savings,2021-04-17,Kolkata,INR,Open,Core Banking,BATCH_20260720,2026-07-20,2026-07-16 11:10:47.588231,2026-07-16 11:10:47.588231
ACC000489,CUST00457,Current,2020-11-26,Delhi,INR,Open,Core Banking,BATCH_20260720,2026-07-20,2026-07-16 11:10:47.588237,2026-07-16 11:10:47.588237
ACC000490,CUST00373,Savings,2015-06-02,Kolkata,INR,Open,Core Banking,BATCH_20260720,2026-07-20,2026-07-16 11:10:47.588242,2026-07-16 11:10:47.588242
ACC000491,CUST00324,Savings,2024-02-01,Kolkata,INR,Closed,Core Banking,BATCH_20260720,2026-07-20,2026-07-16 11:10:47.588248,2026-07-16 11:10:47.588248
ACC000492,CUST00109,Savings,2020-11-04,Pune,INR,Open,Core Banking,BATCH_20260720,2026-07-20,2026-07-16 11:10:47.588253,2026-07-16 11:10:47.588253
ACC000493,CUST00242,Current,2023-03-16,Mumbai,INR,Open,Core Banking,BATCH_20260720,2026-07-20,2026-07-16 11:10:47.588259,2026-07-16 11:10:47.588259
ACC000494,CUST00457,Demat,2018-01-01,Mumbai,INR,Open,Core Banking,BATCH_20260720,2026-07-20,2026-07-16 11:10:47.588268,2026-07-16 11:10:47.588268
ACC000495,CUST00262,Savings,2023-11-25,Chennai,INR,Open,Core Banking,BATCH_20260720,2026-07-20,2026-07-16 11:10:47.588273,2026-07-16 11:10:47.588273
ACC000496,CUST00006,Current,2018-09-20,Kolkata,INR,Open,Core Banking,BATCH_20260720,2026-07-20,2026-07-16 11:10:47.588279,2026-07-16 11:10:47.588279
ACC000497,CUST00072,Investment,2018-07-28,Bengaluru,INR,Closed,Core Banking,BATCH_20260720,2026-07-20,2026-07-16 11:10:47.588290,2026-07-16 11:10:47.588290
ACC000498,CUST00486,Current,2025-11-04,Chennai,INR,Open,Core Banking,BATCH_20260720,2026-07-20,2026-07-16 11:10:47.588296,2026-07-16 11:10:47.588296
ACC000499,CUST00113,Investment,2020-03-13,Hyderabad,INR,Open,Core Banking,BATCH_20260720,2026-07-20,2026-07-16 11:10:47.588302,2026-07-16 11:10:47.588302
ACC000500,CUST00190,Current,2015-12-17,Delhi,INR,Open,Core Banking,BATCH_20260720,2026-07-20,2026-07-16 11:10:47.588307,2026-07-16 11:10:47.588307
ACC000501,CUST00266,Demat,2023-09-15,Mumbai,INR,Open,Core Banking,BATCH_20260720,2026-07-20,2026-07-16 11:10:47.588313,2026-07-16 11:10:47.588313
ACC000502,CUST00452,Savings,2015-11-23,Delhi,INR,Open,Core Banking,BATCH_20260720,2026-07-20,2026-07-16 11:10:47.588318,2026-07-16 11:10:47.588318
ACC000503,CUST00053,Demat,2020-11-27,Pune,INR,Open,Core Banking,BATCH_20260720,2026-07-20,2026-07-16 11:10:47.588325,2026-07-16 11:10:47.588325
ACC000504,CUST00292,Current,2023-06-13,Delhi,INR,Open,Core Banking,BATCH_20260720,2026-07-20,2026-07-16 11:10:47.588333,2026-07-16 11:10:47.588333
ACC000505,CUST00188,Savings,2026-08-03,Chennai,INR,Open,Core Banking,BATCH_20260720,2026-07-20,2026-07-16 11:10:47.588338,2026-07-16 11:10:47.588338
ACC000506,CUST00499,Current,2026-08-01,Mumbai,INR,Open,Core Banking,BATCH_20260720,2026-07-20,2026-07-16 11:10:47.588344,2026-07-16 11:10:47.588344
ACC000507,CUST00419,Demat,2025-12-02,Kolkata,INR,Open,Core Banking,BATCH_20260720,2026-07-20,2026-07-16 11:10:47.588349,2026-07-16 11:10:47.588349
ACC000508,CUST00455,Savings,2026-04-04,Bengaluru,INR,Open,Core Banking,BATCH_20260720,2026-07-20,2026-07-16 11:10:47.588355,2026-07-16 11:10:47.588355
ACC000509,CUST00085,Current,2016-09-23,Pune,INR,Open,Core Banking,BATCH_20260720,2026-07-20,2026-07-16 11:10:47.588360,2026-07-16 11:10:47.588360
ACC000510,CUST00109,Current,2019-03-12,Bengaluru,INR,Open,Core Banking,BATCH_20260720,2026-07-20,2026-07-16 11:10:47.588369,2026-07-16 11:10:47.588369
ACC000511,CUST00309,Savings,2020-03-01,Mumbai,INR,Open,Core Banking,BATCH_20260720,2026-07-20,2026-07-16 11:10:47.588374,2026-07-16 11:10:47.588374
ACC000512,CUST00369,Savings,2025-10-19,Delhi,INR,Open,Core Banking,BATCH_20260720,2026-07-20,2026-07-16 11:10:47.588379,2026-07-16 11:10:47.588379
ACC000513,CUST00246,Current,2018-08-13,Delhi,INR,Open,Core Banking,BATCH_20260720,2026-07-20,2026-07-16 11:10:47.588385,2026-07-16 11:10:47.588385
ACC000514,CUST00012,Current,2015-12-20,Bengaluru,INR,Closed,Core Banking,BATCH_20260720,2026-07-20,2026-07-16 11:10:47.588393,2026-07-16 11:10:47.588393
ACC000515,CUST00304,Current,2018-01-08,Delhi,INR,Open,Core Banking,BATCH_20260720,2026-07-20,2026-07-16 11:10:47.588398,2026-07-16 11:10:47.588398
ACC000516,CUST00021,Current,2016-04-03,Bengaluru,INR,Open,Core Banking,BATCH_20260720,2026-07-20,2026-07-16 11:10:47.588404,2026-07-16 11:10:47.588404
ACC000517,CUST00473,Current,2026-08-03,Mumbai,INR,Closed,Core Banking,BATCH_20260720,2026-07-20,2026-07-16 11:10:47.588410,2026-07-16 11:10:47.588410
ACC000518,CUST00497,Savings,2021-05-11,Hyderabad,INR,Open,Core Banking,BATCH_20260720,2026-07-20,2026-07-16 11:10:47.588415,2026-07-16 11:10:47.588415
ACC000519,CUST00230,Investment,2025-10-20,Bengaluru,INR,Open,Core Banking,BATCH_20260720,2026-07-20,2026-07-16 11:10:47.588421,2026-07-16 11:10:47.588421
ACC000520,CUST00426,Investment,2018-03-15,Kolkata,INR,Closed,Core Banking,BATCH_20260720,2026-07-20,2026-07-16 11:10:47.588426,2026-07-16 11:10:47.588426
ACC000521,CUST00421,Current,2026-06-16,Chennai,INR,Open,Core Banking,BATCH_20260720,2026-07-20,2026-07-16 11:10:47.588432,2026-07-16 11:10:47.588432
ACC000522,CUST00371,Demat,2025-03-03,Pune,INR,Closed,Core Banking,BATCH_20260720,2026-07-20,2026-07-16 11:10:47.588438,2026-07-16 11:10:47.588438
ACC000523,CUST00036,Current,2023-06-26,Mumbai,INR,Open,Core Banking,BATCH_20260720,2026-07-20,2026-07-16 11:10:47.588443,2026-07-16 11:10:47.588443
ACC000524,CUST00056,Savings,2019-07-16,Pune,INR,Open,Core Banking,BATCH_20260720,2026-07-20,2026-07-16 11:10:47.588452,2026-07-16 11:10:47.588452
ACC000525,CUST00351,Investment,2018-05-10,Pune,INR,Open,Core Banking,BATCH_20260720,2026-07-20,2026-07-16 11:10:47.588457,2026-07-16 11:10:47.588457
ACC000526,CUST00091,Investment,2015-11-16,Kolkata,INR,Open,Core Banking,BATCH_20260720,2026-07-20,2026-07-16 11:10:47.588463,2026-07-16 11:10:47.588463
ACC000527,CUST00258,Savings,2017-02-02,Mumbai,INR,Open,Core Banking,BATCH_20260720,2026-07-20,2026-07-16 11:10:47.588468,2026-07-16 11:10:47.588468
ACC000528,CUST00462,Savings,2024-09-04,Pune,INR,Open,Core Banking,BATCH_20260720,2026-07-20,2026-07-16 11:10:47.588474,2026-07-16 11:10:47.588474
ACC000529,CUST00190,Savings,2026-11-19,Mumbai,INR,Open,Core Banking,BATCH_20260720,2026-07-20,2026-07-16 11:10:47.588488,2026-07-16 11:10:47.588488
ACC000530,CUST00481,Investment,2023-07-21,Chennai,INR,Closed,Core Banking,BATCH_20260720,2026-07-20,2026-07-16 11:10:47.588496,2026-07-16 11:10:47.588496
ACC000531,CUST00412,Savings,2024-07-17,Bengaluru,INR,Open,Core Banking,BATCH_20260720,2026-07-20,2026-07-16 11:10:47.588502,2026-07-16 11:10:47.588502
ACC000532,CUST00245,Current,2016-11-17,Chennai,INR,Closed,Core Banking,BATCH_20260720,2026-07-20,2026-07-16 11:10:47.588508,2026-07-16 11:10:47.588508
ACC000533,CUST00449,Investment,2020-10-12,Bengaluru,INR,Open,Core Banking,BATCH_20260720,2026-07-20,2026-07-16 11:10:47.588513,2026-07-16 11:10:47.588513
ACC000534,CUST00364,Savings,2026-09-20,Hyderabad,INR,Open,Core Banking,BATCH_20260720,2026-07-20,2026-07-16 11:10:47.588522,2026-07-16 11:10:47.588522
ACC000535,CUST00004,Investment,2019-08-10,Delhi,INR,Open,Core Banking,BATCH_20260720,2026-07-20,2026-07-16 11:10:47.588527,2026-07-16 11:10:47.588527
ACC000536,CUST00210,Demat,2017-05-23,Bengaluru,INR,Open,Core Banking,BATCH_20260720,2026-07-20,2026-07-16 11:10:47.588532,2026-07-16 11:10:47.588532
ACC000537,CUST00334,Demat,2020-11-10,Kolkata,INR,Open,Core Banking,BATCH_20260720,2026-07-20,2026-07-16 11:10:47.588538,2026-07-16 11:10:47.588538
ACC000538,CUST00217,Demat,2021-03-07,Delhi,INR,Open,Core Banking,BATCH_20260720,2026-07-20,2026-07-16 11:10:47.588543,2026-07-16 11:10:47.588543
ACC000539,CUST00387,Current,2024-04-08,Pune,INR,Open,Core Banking,BATCH_20260720,2026-07-20,2026-07-16 11:10:47.588549,2026-07-16 11:10:47.588549
ACC000540,CUST00248,Current,2023-04-21,Pune,INR,Open,Core Banking,BATCH_20260720,2026-07-20,2026-07-16 11:10:47.588554,2026-07-16 11:10:47.588554
ACC000541,CUST00248,Demat,2021-11-17,Pune,INR,Open,Core Banking,BATCH_20260720,2026-07-20,2026-07-16 11:10:47.588560,2026-07-16 11:10:47.588560
ACC000542,CUST00397,Investment,2018-02-05,Kolkata,INR,Open,Core Banking,BATCH_20260720,2026-07-20,2026-07-16 11:10:47.588569,2026-07-16 11:10:47.588569
ACC000543,CUST00383,Current,2025-01-06,Kolkata,INR,Open,Core Banking,BATCH_20260720,2026-07-20,2026-07-16 11:10:47.588575,2026-07-16 11:10:47.588575
ACC000544,CUST00052,Current,2026-05-27,Mumbai,INR,Open,Core Banking,BATCH_20260720,2026-07-20,2026-07-16 11:10:47.588583,2026-07-16 11:10:47.588583
ACC000545,CUST00411,Savings,2018-08-09,Mumbai,INR,Open,Core Banking,BATCH_20260720,2026-07-20,2026-07-16 11:10:47.588589,2026-07-16 11:10:47.588589
ACC000546,CUST00412,Savings,2018-04-05,Mumbai,INR,Closed,Core Banking,BATCH_20260720,2026-07-20,2026-07-16 11:10:47.588594,2026-07-16 11:10:47.588594
ACC000547,CUST00223,Savings,2016-06-08,Chennai,INR,Open,Core Banking,BATCH_20260720,2026-07-20,2026-07-16 11:10:47.588600,2026-07-16 11:10:47.588600
ACC000548,CUST00190,Savings,2015-11-06,Delhi,INR,Open,Core Banking,BATCH_20260720,2026-07-20,2026-07-16 11:10:47.588605,2026-07-16 11:10:47.588605
ACC000549,CUST00477,Investment,2026-09-08,Chennai,INR,Closed,Core Banking,BATCH_20260720,2026-07-20,2026-07-16 11:10:47.588611,2026-07-16 11:10:47.588611
ACC000550,CUST00030,Current,2026-02-01,Mumbai,INR,Open,Core Banking,BATCH_20260720,2026-07-20,2026-07-16 11:10:47.588616,2026-07-16 11:10:47.588616
ACC000551,CUST00104,Demat,2019-05-15,Hyderabad,INR,Closed,Core Banking,BATCH_20260720,2026-07-20,2026-07-16 11:10:47.588622,2026-07-16 11:10:47.588622
ACC000552,CUST00262,Current,2018-10-20,Delhi,INR,Open,Core Banking,BATCH_20260720,2026-07-20,2026-07-16 11:10:47.588628,2026-07-16 11:10:47.588628
ACC000553,CUST00185,Current,2015-01-03,Bengaluru,INR,Open,Core Banking,BATCH_20260720,2026-07-20,2026-07-16 11:10:47.588633,2026-07-16 11:10:47.588633
ACC000554,CUST00142,Investment,2022-12-02,Delhi,INR,Open,Core Banking,BATCH_20260720,2026-07-20,2026-07-16 11:10:47.588642,2026-07-16 11:10:47.588642
ACC000555,CUST00208,Current,2026-08-12,Hyderabad,INR,Open,Core Banking,BATCH_20260720,2026-07-20,2026-07-16 11:10:47.588647,2026-07-16 11:10:47.588647
ACC000556,CUST00471,Savings,2021-05-19,Delhi,INR,Open,Core Banking,BATCH_20260720,2026-07-20,2026-07-16 11:10:47.588653,2026-07-16 11:10:47.588653
ACC000557,CUST00469,Demat,2022-10-17,Kolkata,INR,Open,Core Banking,BATCH_20260720,2026-07-20,2026-07-16 11:10:47.588658,2026-07-16 11:10:47.588658
ACC000558,CUST00116,Current,2025-03-14,Mumbai,INR,Closed,Core Banking,BATCH_20260720,2026-07-20,2026-07-16 11:10:47.588664,2026-07-16 11:10:47.588664
ACC000559,CUST00003,Demat,2018-12-04,Mumbai,INR,Open,Core Banking,BATCH_20260720,2026-07-20,2026-07-16 11:10:47.588669,2026-07-16 11:10:47.588669
ACC000560,CUST00055,Savings,2026-04-14,Chennai,INR,Open,Core Banking,BATCH_20260720,2026-07-20,2026-07-16 11:10:47.588675,2026-07-16 11:10:47.588675
ACC000561,CUST00485,Savings,2026-07-06,Chennai,INR,Open,Core Banking,BATCH_20260720,2026-07-20,2026-07-16 11:10:47.588680,2026-07-16 11:10:47.588680
ACC000562,CUST00417,Demat,2024-12-06,Mumbai,INR,Closed,Core Banking,BATCH_20260720,2026-07-20,2026-07-16 11:10:47.588686,2026-07-16 11:10:47.588686
ACC000563,CUST00248,Current,2022-08-14,Kolkata,INR,Open,Core Banking,BATCH_20260720,2026-07-20,2026-07-16 11:10:47.588692,2026-07-16 11:10:47.588692
ACC000564,CUST00349,Investment,2015-08-13,Mumbai,INR,Open,Core Banking,BATCH_20260720,2026-07-20,2026-07-16 11:10:47.588705,2026-07-16 11:10:47.588705
ACC000565,CUST00133,Savings,2023-08-01,Delhi,INR,Open,Core Banking,BATCH_20260720,2026-07-20,2026-07-16 11:10:47.588711,2026-07-16 11:10:47.588711
ACC000566,CUST00347,Current,2022-01-30,Mumbai,INR,Open,Core Banking,BATCH_20260720,2026-07-20,2026-07-16 11:10:47.588717,2026-07-16 11:10:47.588717
ACC000567,CUST00265,Savings,2020-11-27,Bengaluru,INR,Open,Core Banking,BATCH_20260720,2026-07-20,2026-07-16 11:10:47.588722,2026-07-16 11:10:47.588722
ACC000568,CUST00048,Investment,2022-09-02,Hyderabad,INR,Open,Core Banking,BATCH_20260720,2026-07-20,2026-07-16 11:10:47.588728,2026-07-16 11:10:47.588728
ACC000569,CUST00477,Current,2025-09-08,Chennai,INR,Open,Core Banking,BATCH_20260720,2026-07-20,2026-07-16 11:10:47.588734,2026-07-16 11:10:47.588734
ACC000570,CUST00112,Demat,2019-02-06,Delhi,INR,Open,Core Banking,BATCH_20260720,2026-07-20,2026-07-16 11:10:47.588740,2026-07-16 11:10:47.588740
ACC000571,CUST00256,Current,2020-04-07,Delhi,INR,Open,Core Banking,BATCH_20260720,2026-07-20,2026-07-16 11:10:47.588745,2026-07-16 11:10:47.588745
ACC000572,CUST00447,Demat,2019-08-21,Bengaluru,INR,Open,Core Banking,BATCH_20260720,2026-07-20,2026-07-16 11:10:47.588750,2026-07-16 11:10:47.588750
ACC000573,CUST00428,Current,2022-12-26,Bengaluru,INR,Open,Core Banking,BATCH_20260720,2026-07-20,2026-07-16 11:10:47.588756,2026-07-16 11:10:47.588756
ACC000574,CUST00062,Savings,2026-01-18,Pune,INR,Open,Core Banking,BATCH_20260720,2026-07-20,2026-07-16 11:10:47.588767,2026-07-16 11:10:47.588767
ACC000575,CUST00392,Savings,2025-10-25,Chennai,INR,Closed,Core Banking,BATCH_20260720,2026-07-20,2026-07-16 11:10:47.588773,2026-07-16 11:10:47.588773
ACC000576,CUST00162,Investment,2021-02-28,Mumbai,INR,Open,Core Banking,BATCH_20260720,2026-07-20,2026-07-16 11:10:47.588779,2026-07-16 11:10:47.588779
ACC000577,CUST00392,Demat,2023-12-04,Bengaluru,INR,Closed,Core Banking,BATCH_20260720,2026-07-20,2026-07-16 11:10:47.588784,2026-07-16 11:10:47.588784
ACC000578,CUST00066,Savings,2026-10-16,Kolkata,INR,Open,Core Banking,BATCH_20260720,2026-07-20,2026-07-16 11:10:47.588790,2026-07-16 11:10:47.588790
ACC000579,CUST00245,Savings,2026-04-09,Chennai,INR,Open,Core Banking,BATCH_20260720,2026-07-20,2026-07-16 11:10:47.588795,2026-07-16 11:10:47.588795
ACC000580,CUST00441,Current,2025-04-03,Hyderabad,INR,Open,Core Banking,BATCH_20260720,2026-07-20,2026-07-16 11:10:47.588801,2026-07-16 11:10:47.588801
ACC000581,CUST00236,Demat,2015-03-10,Hyderabad,INR,Open,Core Banking,BATCH_20260720,2026-07-20,2026-07-16 11:10:47.588806,2026-07-16 11:10:47.588806
ACC000582,CUST00195,Savings,2022-04-19,Chennai,INR,Closed,Core Banking,BATCH_20260720,2026-07-20,2026-07-16 11:10:47.588811,2026-07-16 11:10:47.588811
ACC000583,CUST00442,Demat,2019-03-14,Pune,INR,Open,Core Banking,BATCH_20260720,2026-07-20,2026-07-16 11:10:47.588817,2026-07-16 11:10:47.588817
ACC000584,CUST00122,Demat,2025-07-28,Pune,INR,Open,Core Banking,BATCH_20260720,2026-07-20,2026-07-16 11:10:47.588825,2026-07-16 11:10:47.588825
ACC000585,CUST00188,Current,2026-03-09,Mumbai,INR,Open,Core Banking,BATCH_20260720,2026-07-20,2026-07-16 11:10:47.588831,2026-07-16 11:10:47.588831
ACC000586,CUST00215,Demat,2023-03-10,Kolkata,INR,Open,Core Banking,BATCH_20260720,2026-07-20,2026-07-16 11:10:47.588836,2026-07-16 11:10:47.588836
ACC000587,CUST00144,Investment,2019-01-13,Pune,INR,Open,Core Banking,BATCH_20260720,2026-07-20,2026-07-16 11:10:47.588842,2026-07-16 11:10:47.588842
ACC000588,CUST00295,Current,2017-03-29,Delhi,INR,Open,Core Banking,BATCH_20260720,2026-07-20,2026-07-16 11:10:47.588847,2026-07-16 11:10:47.588847
ACC000589,CUST00412,Current,2024-09-10,Kolkata,INR,Open,Core Banking,BATCH_20260720,2026-07-20,2026-07-16 11:10:47.588853,2026-07-16 11:10:47.588853
ACC000590,CUST00101,Current,2018-05-10,Mumbai,INR,Open,Core Banking,BATCH_20260720,2026-07-20,2026-07-16 11:10:47.588858,2026-07-16 11:10:47.588858
ACC000591,CUST00091,Investment,2026-03-16,Bengaluru,INR,Open,Core Banking,BATCH_20260720,2026-07-20,2026-07-16 11:10:47.588864,2026-07-16 11:10:47.588864
ACC000592,CUST00274,Demat,2025-11-30,Chennai,INR,Open,Core Banking,BATCH_20260720,2026-07-20,2026-07-16 11:10:47.588870,2026-07-16 11:10:47.588870
ACC000593,CUST00288,Savings,2023-12-08,Hyderabad,INR,Open,Core Banking,BATCH_20260720,2026-07-20,2026-07-16 11:10:47.588875,2026-07-16 11:10:47.588875
ACC000594,CUST00031,Current,2020-09-14,Mumbai,INR,Open,Core Banking,BATCH_20260720,2026-07-20,2026-07-16 11:10:47.588886,2026-07-16 11:10:47.588886
ACC000595,CUST00231,Demat,2020-10-29,Chennai,INR,Open,Core Banking,BATCH_20260720,2026-07-20,2026-07-16 11:10:47.588892,2026-07-16 11:10:47.588892
ACC000596,CUST00287,Demat,2022-09-20,Hyderabad,INR,Open,Core Banking,BATCH_20260720,2026-07-20,2026-07-16 11:10:47.588897,2026-07-16 11:10:47.588897
ACC000597,CUST00063,Demat,2019-06-18,Pune,INR,Closed,Core Banking,BATCH_20260720,2026-07-20,2026-07-16 11:10:47.588903,2026-07-16 11:10:47.588903
ACC000598,CUST00333,Current,2021-05-20,Chennai,INR,Open,Core Banking,BATCH_20260720,2026-07-20,2026-07-16 11:10:47.588909,2026-07-16 11:10:47.588909
ACC000599,CUST00345,Investment,2025-01-09,Hyderabad,INR,Open,Core Banking,BATCH_20260720,2026-07-20,2026-07-16 11:10:47.588914,2026-07-16 11:10:47.588914
ACC000600,CUST00315,Demat,2025-05-27,Delhi,INR,Open,Core Banking,BATCH_20260720,2026-07-20,2026-07-16 11:10:47.588920,2026-07-16 11:10:47.588920
ACC000601,CUST00445,Current,2022-07-26,Mumbai,INR,Closed,Core Banking,BATCH_20260720,2026-07-20,2026-07-16 11:10:47.588926,2026-07-16 11:10:47.588926
ACC000602,CUST00293,Investment,2016-08-07,Hyderabad,INR,Open,Core Banking,BATCH_20260720,2026-07-20,2026-07-16 11:10:47.588931,2026-07-16 11:10:47.588931
ACC000603,CUST00176,Current,2022-01-12,Chennai,INR,Open,Core Banking,BATCH_20260720,2026-07-20,2026-07-16 11:10:47.588937,2026-07-16 11:10:47.588937
ACC000604,CUST00364,Demat,2023-11-14,Chennai,INR,Open,Core Banking,BATCH_20260720,2026-07-20,2026-07-16 11:10:47.588945,2026-07-16 11:10:47.588945
ACC000605,CUST00400,Demat,2026-09-07,Mumbai,INR,Open,Core Banking,BATCH_20260720,2026-07-20,2026-07-16 11:10:47.588951,2026-07-16 11:10:47.588951
ACC000606,CUST00086,Current,2015-07-09,Bengaluru,INR,Open,Core Banking,BATCH_20260720,2026-07-20,2026-07-16 11:10:47.588960,2026-07-16 11:10:47.588960
ACC000607,CUST00339,Demat,2016-10-17,Bengaluru,INR,Open,Core Banking,BATCH_20260720,2026-07-20,2026-07-16 11:10:47.588965,2026-07-16 11:10:47.588965
ACC000608,CUST00204,Savings,2017-02-21,Hyderabad,INR,Open,Core Banking,BATCH_20260720,2026-07-20,2026-07-16 11:10:47.588971,2026-07-16 11:10:47.588971
ACC000609,CUST00281,Savings,2015-08-04,Kolkata,INR,Open,Core Banking,BATCH_20260720,2026-07-20,2026-07-16 11:10:47.588976,2026-07-16 11:10:47.588976
ACC000610,CUST00269,Savings,2017-05-01,Chennai,INR,Closed,Core Banking,BATCH_20260720,2026-07-20,2026-07-16 11:10:47.588982,2026-07-16 11:10:47.588982
ACC000611,CUST00080,Savings,2023-09-29,Chennai,INR,Open,Core Banking,BATCH_20260720,2026-07-20,2026-07-16 11:10:47.588987,2026-07-16 11:10:47.588987
ACC000612,CUST00127,Demat,2024-12-09,Delhi,INR,Open,Core Banking,BATCH_20260720,2026-07-20,2026-07-16 11:10:47.588993,2026-07-16 11:10:47.588993
ACC000613,CUST00068,Current,2015-08-23,Hyderabad,INR,Open,Core Banking,BATCH_20260720,2026-07-20,2026-07-16 11:10:47.588998,2026-07-16 11:10:47.588998
ACC000614,CUST00441,Demat,2025-09-05,Mumbai,INR,Open,Core Banking,BATCH_20260720,2026-07-20,2026-07-16 11:10:47.589007,2026-07-16 11:10:47.589007
ACC000615,CUST00479,Demat,2024-12-23,Bengaluru,INR,Open,Core Banking,BATCH_20260720,2026-07-20,2026-07-16 11:10:47.589012,2026-07-16 11:10:47.589012
ACC000616,CUST00091,Investment,2024-10-03,Pune,INR,Open,Core Banking,BATCH_20260720,2026-07-20,2026-07-16 11:10:47.589018,2026-07-16 11:10:47.589018
ACC000617,CUST00159,Demat,2025-10-20,Pune,INR,Open,Core Banking,BATCH_20260720,2026-07-20,2026-07-16 11:10:47.589024,2026-07-16 11:10:47.589024
ACC000618,CUST00413,Savings,2024-11-28,Chennai,INR,Open,Core Banking,BATCH_20260720,2026-07-20,2026-07-16 11:10:47.589029,2026-07-16 11:10:47.589029
ACC000619,CUST00212,Demat,2018-06-29,Chennai,INR,Open,Core Banking,BATCH_20260720,2026-07-20,2026-07-16 11:10:47.589034,2026-07-16 11:10:47.589034
ACC000620,CUST00001,Current,2022-09-18,Chennai,INR,Open,Core Banking,BATCH_20260720,2026-07-20,2026-07-16 11:10:47.589040,2026-07-16 11:10:47.589040
ACC000621,CUST00274,Savings,2026-01-12,Kolkata,INR,Open,Core Banking,BATCH_20260720,2026-07-20,2026-07-16 11:10:47.589046,2026-07-16 11:10:47.589046
ACC000622,CUST00154,Savings,2024-08-27,Kolkata,INR,Open,Core Banking,BATCH_20260720,2026-07-20,2026-07-16 11:10:47.589051,2026-07-16 11:10:47.589051
ACC000623,CUST00306,Current,2015-03-01,Pune,INR,Open,Core Banking,BATCH_20260720,2026-07-20,2026-07-16 11:10:47.589056,2026-07-16 11:10:47.589056
ACC000624,CUST00097,Investment,2024-10-20,Mumbai,INR,Open,Core Banking,BATCH_20260720,2026-07-20,2026-07-16 11:10:47.589065,2026-07-16 11:10:47.589065
ACC000625,CUST00084,Investment,2023-06-27,Bengaluru,INR,Open,Core Banking,BATCH_20260720,2026-07-20,2026-07-16 11:10:47.589071,2026-07-16 11:10:47.589071
ACC000626,CUST00041,Investment,2020-05-16,Pune,INR,Closed,Core Banking,BATCH_20260720,2026-07-20,2026-07-16 11:10:47.589077,2026-07-16 11:10:47.589077
ACC000627,CUST00414,Demat,2021-05-21,Delhi,INR,Open,Core Banking,BATCH_20260720,2026-07-20,2026-07-16 11:10:47.589082,2026-07-16 11:10:47.589082
ACC000628,CUST00415,Demat,2024-04-05,Bengaluru,INR,Open,Core Banking,BATCH_20260720,2026-07-20,2026-07-16 11:10:47.589088,2026-07-16 11:10:47.589088
ACC000629,CUST00094,Current,2021-06-30,Hyderabad,INR,Open,Core Banking,BATCH_20260720,2026-07-20,2026-07-16 11:10:47.589093,2026-07-16 11:10:47.589093
ACC000630,CUST00317,Investment,2021-02-07,Delhi,INR,Closed,Core Banking,BATCH_20260720,2026-07-20,2026-07-16 11:10:47.589099,2026-07-16 11:10:47.589099
ACC000631,CUST00252,Current,2022-03-11,Hyderabad,INR,Open,Core Banking,BATCH_20260720,2026-07-20,2026-07-16 11:10:47.589104,2026-07-16 11:10:47.589104
ACC000632,CUST00026,Savings,2019-03-04,Hyderabad,INR,Open,Core Banking,BATCH_20260720,2026-07-20,2026-07-16 11:10:47.589110,2026-07-16 11:10:47.589110
ACC000633,CUST00138,Current,2024-10-31,Delhi,INR,Open,Core Banking,BATCH_20260720,2026-07-20,2026-07-16 11:10:47.589115,2026-07-16 11:10:47.589115
ACC000634,CUST00120,Savings,2018-05-19,Hyderabad,INR,Open,Core Banking,BATCH_20260720,2026-07-20,2026-07-16 11:10:47.589123,2026-07-16 11:10:47.589123
ACC000635,CUST00112,Demat,2024-06-04,Chennai,INR,Open,Core Banking,BATCH_20260720,2026-07-20,2026-07-16 11:10:47.589129,2026-07-16 11:10:47.589129
ACC000636,CUST00191,Investment,2015-09-17,Chennai,INR,Open,Core Banking,BATCH_20260720,2026-07-20,2026-07-16 11:10:47.589135,2026-07-16 11:10:47.589135
ACC000637,CUST00432,Current,2016-04-04,Chennai,INR,Open,Core Banking,BATCH_20260720,2026-07-20,2026-07-16 11:10:47.589143,2026-07-16 11:10:47.589143
ACC000638,CUST00037,Investment,2019-01-27,Bengaluru,INR,Open,Core Banking,BATCH_20260720,2026-07-20,2026-07-16 11:10:47.589148,2026-07-16 11:10:47.589148
ACC000639,CUST00419,Investment,2015-04-14,Hyderabad,INR,Open,Core Banking,BATCH_20260720,2026-07-20,2026-07-16 11:10:47.589154,2026-07-16 11:10:47.589154
ACC000640,CUST00198,Investment,2020-07-17,Delhi,INR,Open,Core Banking,BATCH_20260720,2026-07-20,2026-07-16 11:10:47.589159,2026-07-16 11:10:47.589159
ACC000641,CUST00102,Investment,2017-02-08,Pune,INR,Open,Core Banking,BATCH_20260720,2026-07-20,2026-07-16 11:10:47.589165,2026-07-16 11:10:47.589165
ACC000642,CUST00243,Investment,2021-12-31,Chennai,INR,Open,Core Banking,BATCH_20260720,2026-07-20,2026-07-16 11:10:47.589170,2026-07-16 11:10:47.589170
ACC000643,CUST00323,Savings,2026-09-07,Hyderabad,INR,Open,Core Banking,BATCH_20260720,2026-07-20,2026-07-16 11:10:47.589176,2026-07-16 11:10:47.589176
ACC000644,CUST00247,Demat,2019-06-16,Chennai,INR,Open,Core Banking,BATCH_20260720,2026-07-20,2026-07-16 11:10:47.589184,2026-07-16 11:10:47.589184
ACC000645,CUST00443,Current,2017-07-14,Bengaluru,INR,Open,Core Banking,BATCH_20260720,2026-07-20,2026-07-16 11:10:47.589190,2026-07-16 11:10:47.589190
ACC000646,CUST00167,Savings,2018-10-03,Kolkata,INR,Open,Core Banking,BATCH_20260720,2026-07-20,2026-07-16 11:10:47.589195,2026-07-16 11:10:47.589195
ACC000647,CUST00300,Savings,2023-11-17,Kolkata,INR,Open,Core Banking,BATCH_20260720,2026-07-20,2026-07-16 11:10:47.589201,2026-07-16 11:10:47.589201
ACC000648,CUST00005,Savings,2025-08-29,Delhi,INR,Closed,Core Banking,BATCH_20260720,2026-07-20,2026-07-16 11:10:47.589209,2026-07-16 11:10:47.589209
ACC000649,CUST00080,Demat,2017-01-03,Bengaluru,INR,Open,Core Banking,BATCH_20260720,2026-07-20,2026-07-16 11:10:47.589214,2026-07-16 11:10:47.589214
ACC000650,CUST00256,Savings,2022-08-04,Kolkata,INR,Open,Core Banking,BATCH_20260720,2026-07-20,2026-07-16 11:10:47.589220,2026-07-16 11:10:47.589220
ACC000651,CUST00031,Demat,2018-06-14,Delhi,INR,Open,Core Banking,BATCH_20260720,2026-07-20,2026-07-16 11:10:47.589225,2026-07-16 11:10:47.589225
ACC000652,CUST00406,Savings,2017-10-27,Mumbai,INR,Open,Core Banking,BATCH_20260720,2026-07-20,2026-07-16 11:10:47.589231,2026-07-16 11:10:47.589231
ACC000653,CUST00163,Demat,2024-11-02,Delhi,INR,Open,Core Banking,BATCH_20260720,2026-07-20,2026-07-16 11:10:47.589237,2026-07-16 11:10:47.589237
ACC000654,CUST00011,Investment,2023-01-13,Delhi,INR,Open,Core Banking,BATCH_20260720,2026-07-20,2026-07-16 11:10:47.589246,2026-07-16 11:10:47.589246
ACC000655,CUST00129,Savings,2025-11-19,Delhi,INR,Open,Core Banking,BATCH_20260720,2026-07-20,2026-07-16 11:10:47.589251,2026-07-16 11:10:47.589251
ACC000656,CUST00287,Demat,2025-12-28,Bengaluru,INR,Closed,Core Banking,BATCH_20260720,2026-07-20,2026-07-16 11:10:47.589257,2026-07-16 11:10:47.589257
ACC000657,CUST00096,Demat,2022-04-05,Delhi,INR,Open,Core Banking,BATCH_20260720,2026-07-20,2026-07-16 11:10:47.589262,2026-07-16 11:10:47.589262
ACC000658,CUST00141,Current,2016-07-18,Pune,INR,Open,Core Banking,BATCH_20260720,2026-07-20,2026-07-16 11:10:47.589271,2026-07-16 11:10:47.589271
ACC000659,CUST00231,Demat,2020-11-27,Pune,INR,Open,Core Banking,BATCH_20260720,2026-07-20,2026-07-16 11:10:47.589277,2026-07-16 11:10:47.589277
ACC000660,CUST00233,Savings,2026-05-07,Mumbai,INR,Open,Core Banking,BATCH_20260720,2026-07-20,2026-07-16 11:10:47.589283,2026-07-16 11:10:47.589283
ACC000661,CUST00453,Savings,2023-03-02,Kolkata,INR,Closed,Core Banking,BATCH_20260720,2026-07-20,2026-07-16 11:10:47.589293,2026-07-16 11:10:47.589293
ACC000662,CUST00123,Demat,2016-06-02,Delhi,INR,Open,Core Banking,BATCH_20260720,2026-07-20,2026-07-16 11:10:47.589299,2026-07-16 11:10:47.589299
ACC000663,CUST00420,Investment,2019-04-05,Pune,INR,Open,Core Banking,BATCH_20260720,2026-07-20,2026-07-16 11:10:47.589304,2026-07-16 11:10:47.589304
ACC000664,CUST00393,Current,2021-05-08,Chennai,INR,Open,Core Banking,BATCH_20260720,2026-07-20,2026-07-16 11:10:47.589313,2026-07-16 11:10:47.589313
ACC000665,CUST00329,Demat,2017-06-23,Hyderabad,INR,Open,Core Banking,BATCH_20260720,2026-07-20,2026-07-16 11:10:47.589318,2026-07-16 11:10:47.589318
ACC000666,CUST00338,Savings,2015-12-25,Kolkata,INR,Open,Core Banking,BATCH_20260720,2026-07-20,2026-07-16 11:10:47.589323,2026-07-16 11:10:47.589323
ACC000667,CUST00092,Savings,2019-07-14,Hyderabad,INR,Open,Core Banking,BATCH_20260720,2026-07-20,2026-07-16 11:10:47.589329,2026-07-16 11:10:47.589329
ACC000668,CUST00099,Savings,2015-09-18,Pune,INR,Open,Core Banking,BATCH_20260720,2026-07-20,2026-07-16 11:10:47.589334,2026-07-16 11:10:47.589334
ACC000669,CUST00337,Investment,2026-10-17,Pune,INR,Closed,Core Banking,BATCH_20260720,2026-07-20,2026-07-16 11:10:47.589342,2026-07-16 11:10:47.589342
ACC000670,CUST00132,Savings,2023-03-21,Bengaluru,INR,Closed,Core Banking,BATCH_20260720,2026-07-20,2026-07-16 11:10:47.589347,2026-07-16 11:10:47.589347
ACC000671,CUST00368,Savings,2015-04-18,Bengaluru,INR,Open,Core Banking,BATCH_20260720,2026-07-20,2026-07-16 11:10:47.589353,2026-07-16 11:10:47.589353
ACC000672,CUST00476,Savings,2025-07-01,Kolkata,INR,Open,Core Banking,BATCH_20260720,2026-07-20,2026-07-16 11:10:47.589358,2026-07-16 11:10:47.589358
ACC000673,CUST00185,Investment,2023-04-12,Kolkata,INR,Open,Core Banking,BATCH_20260720,2026-07-20,2026-07-16 11:10:47.589364,2026-07-16 11:10:47.589364
ACC000674,CUST00422,Demat,2026-11-12,Hyderabad,INR,Open,Core Banking,BATCH_20260720,2026-07-20,2026-07-16 11:10:47.589372,2026-07-16 11:10:47.589372
ACC000675,CUST00428,Demat,2016-09-30,Bengaluru,INR,Open,Core Banking,BATCH_20260720,2026-07-20,2026-07-16 11:10:47.589378,2026-07-16 11:10:47.589378
ACC000676,CUST00050,Savings,2020-03-07,Pune,INR,Open,Core Banking,BATCH_20260720,2026-07-20,2026-07-16 11:10:47.589384,2026-07-16 11:10:47.589384
ACC000677,CUST00098,Current,2026-10-20,Delhi,INR,Open,Core Banking,BATCH_20260720,2026-07-20,2026-07-16 11:10:47.589389,2026-07-16 11:10:47.589389
ACC000678,CUST00292,Current,2024-04-24,Delhi,INR,Open,Core Banking,BATCH_20260720,2026-07-20,2026-07-16 11:10:47.589395,2026-07-16 11:10:47.589395
ACC000679,CUST00393,Demat,2025-04-15,Delhi,INR,Open,Core Banking,BATCH_20260720,2026-07-20,2026-07-16 11:10:47.589400,2026-07-16 11:10:47.589400
ACC000680,CUST00453,Savings,2018-09-28,Kolkata,INR,Open,Core Banking,BATCH_20260720,2026-07-20,2026-07-16 11:10:47.589406,2026-07-16 11:10:47.589406
ACC000681,CUST00282,Investment,2026-04-27,Chennai,INR,Open,Core Banking,BATCH_20260720,2026-07-20,2026-07-16 11:10:47.589411,2026-07-16 11:10:47.589411
ACC000682,CUST00274,Investment,2022-11-26,Chennai,INR,Open,Core Banking,BATCH_20260720,2026-07-20,2026-07-16 11:10:47.589417,2026-07-16 11:10:47.589417
ACC000683,CUST00167,Demat,2024-03-31,Kolkata,INR,Open,Core Banking,BATCH_20260720,2026-07-20,2026-07-16 11:10:47.589422,2026-07-16 11:10:47.589422
ACC000684,CUST00423,Demat,2020-05-25,Pune,INR,Open,Core Banking,BATCH_20260720,2026-07-20,2026-07-16 11:10:47.589431,2026-07-16 11:10:47.589431
ACC000685,CUST00110,Investment,2020-09-12,Chennai,INR,Open,Core Banking,BATCH_20260720,2026-07-20,2026-07-16 11:10:47.589437,2026-07-16 11:10:47.589437
ACC000686,CUST00230,Investment,2015-01-02,Delhi,INR,Open,Core Banking,BATCH_20260720,2026-07-20,2026-07-16 11:10:47.589442,2026-07-16 11:10:47.589442
ACC000687,CUST00146,Savings,2026-08-11,Bengaluru,INR,Open,Core Banking,BATCH_20260720,2026-07-20,2026-07-16 11:10:47.589448,2026-07-16 11:10:47.589448
ACC000688,CUST00004,Demat,2019-12-23,Bengaluru,INR,Open,Core Banking,BATCH_20260720,2026-07-20,2026-07-16 11:10:47.589453,2026-07-16 11:10:47.589453
ACC000689,CUST00012,Demat,2026-06-20,Pune,INR,Closed,Core Banking,BATCH_20260720,2026-07-20,2026-07-16 11:10:47.589459,2026-07-16 11:10:47.589459
ACC000690,CUST00475,Current,2017-02-11,Hyderabad,INR,Open,Core Banking,BATCH_20260720,2026-07-20,2026-07-16 11:10:47.589465,2026-07-16 11:10:47.589465
ACC000691,CUST00183,Current,2018-02-07,Chennai,INR,Open,Core Banking,BATCH_20260720,2026-07-20,2026-07-16 11:10:47.589470,2026-07-16 11:10:47.589470
ACC000692,CUST00456,Current,2020-03-23,Chennai,INR,Open,Core Banking,BATCH_20260720,2026-07-20,2026-07-16 11:10:47.589484,2026-07-16 11:10:47.589484
ACC000693,CUST00048,Investment,2019-11-17,Delhi,INR,Open,Core Banking,BATCH_20260720,2026-07-20,2026-07-16 11:10:47.589490,2026-07-16 11:10:47.589490
ACC000694,CUST00371,Demat,2025-10-27,Bengaluru,INR,Open,Core Banking,BATCH_20260720,2026-07-20,2026-07-16 11:10:47.589499,2026-07-16 11:10:47.589499
ACC000695,CUST00423,Savings,2021-09-26,Hyderabad,INR,Closed,Core Banking,BATCH_20260720,2026-07-20,2026-07-16 11:10:47.589505,2026-07-16 11:10:47.589505
ACC000696,CUST00196,Savings,2016-04-03,Kolkata,INR,Open,Core Banking,BATCH_20260720,2026-07-20,2026-07-16 11:10:47.589510,2026-07-16 11:10:47.589510
ACC000697,CUST00179,Investment,2024-05-05,Kolkata,INR,Open,Core Banking,BATCH_20260720,2026-07-20,2026-07-16 11:10:47.589516,2026-07-16 11:10:47.589516
ACC000698,CUST00446,Current,2015-04-04,Delhi,INR,Open,Core Banking,BATCH_20260720,2026-07-20,2026-07-16 11:10:47.589522,2026-07-16 11:10:47.589522
ACC000699,CUST00028,Demat,2026-10-05,Hyderabad,INR,Open,Core Banking,BATCH_20260720,2026-07-20,2026-07-16 11:10:47.589527,2026-07-16 11:10:47.589527
ACC000700,CUST00277,Current,2022-05-01,Pune,INR,Open,Core Banking,BATCH_20260720,2026-07-20,2026-07-16 11:10:47.589533,2026-07-16 11:10:47.589533
ACC000701,CUST00079,Savings,2023-10-24,Mumbai,INR,Closed,Core Banking,BATCH_20260720,2026-07-20,2026-07-16 11:10:47.589541,2026-07-16 11:10:47.589541
ACC000702,CUST00295,Savings,2019-12-25,Mumbai,INR,Open,Core Banking,BATCH_20260720,2026-07-20,2026-07-16 11:10:47.589546,2026-07-16 11:10:47.589546
ACC000703,CUST00403,Investment,2018-04-27,Bengaluru,INR,Open,Core Banking,BATCH_20260720,2026-07-20,2026-07-16 11:10:47.589558,2026-07-16 11:10:47.589558
ACC000704,CUST00043,Investment,2016-02-08,Pune,INR,Open,Core Banking,BATCH_20260720,2026-07-20,2026-07-16 11:10:47.589567,2026-07-16 11:10:47.589567
ACC000705,CUST00135,Savings,2023-12-09,Pune,INR,Open,Core Banking,BATCH_20260720,2026-07-20,2026-07-16 11:10:47.589572,2026-07-16 11:10:47.589572
ACC000706,CUST00397,Current,2018-01-09,Mumbai,INR,Open,Core Banking,BATCH_20260720,2026-07-20,2026-07-16 11:10:47.589583,2026-07-16 11:10:47.589583
ACC000707,CUST00102,Investment,2023-11-13,Delhi,INR,Closed,Core Banking,BATCH_20260720,2026-07-20,2026-07-16 11:10:47.589589,2026-07-16 11:10:47.589589
ACC000708,CUST00101,Current,2020-06-08,Hyderabad,INR,Open,Core Banking,BATCH_20260720,2026-07-20,2026-07-16 11:10:47.589595,2026-07-16 11:10:47.589595
ACC000709,CUST00398,Investment,2022-04-03,Delhi,INR,Closed,Core Banking,BATCH_20260720,2026-07-20,2026-07-16 11:10:47.589601,2026-07-16 11:10:47.589601
ACC000710,CUST00046,Savings,2024-04-11,Mumbai,INR,Open,Core Banking,BATCH_20260720,2026-07-20,2026-07-16 11:10:47.589606,2026-07-16 11:10:47.589606
ACC000711,CUST00179,Current,2022-03-12,Chennai,INR,Closed,Core Banking,BATCH_20260720,2026-07-20,2026-07-16 11:10:47.589612,2026-07-16 11:10:47.589612
ACC000712,CUST00336,Savings,2021-11-02,Bengaluru,INR,Open,Core Banking,BATCH_20260720,2026-07-20,2026-07-16 11:10:47.589617,2026-07-16 11:10:47.589617
ACC000713,CUST00316,Investment,2018-04-09,Mumbai,INR,Open,Core Banking,BATCH_20260720,2026-07-20,2026-07-16 11:10:47.589623,2026-07-16 11:10:47.589623
ACC000714,CUST00474,Current,2019-06-24,Delhi,INR,Open,Core Banking,BATCH_20260720,2026-07-20,2026-07-16 11:10:47.589631,2026-07-16 11:10:47.589631
ACC000715,CUST00080,Savings,2017-07-09,Delhi,INR,Open,Core Banking,BATCH_20260720,2026-07-20,2026-07-16 11:10:47.589637,2026-07-16 11:10:47.589637
ACC000716,CUST00125,Current,2021-06-14,Hyderabad,INR,Open,Core Banking,BATCH_20260720,2026-07-20,2026-07-16 11:10:47.589643,2026-07-16 11:10:47.589643
ACC000717,CUST00356,Savings,2021-11-04,Mumbai,INR,Open,Core Banking,BATCH_20260720,2026-07-20,2026-07-16 11:10:47.589648,2026-07-16 11:10:47.589648
ACC000718,CUST00012,Demat,2019-09-09,Delhi,INR,Open,Core Banking,BATCH_20260720,2026-07-20,2026-07-16 11:10:47.589654,2026-07-16 11:10:47.589654
ACC000719,CUST00109,Current,2026-09-26,Kolkata,INR,Open,Core Banking,BATCH_20260720,2026-07-20,2026-07-16 11:10:47.589659,2026-07-16 11:10:47.589659
ACC000720,CUST00281,Investment,2018-03-03,Delhi,INR,Open,Core Banking,BATCH_20260720,2026-07-20,2026-07-16 11:10:47.589665,2026-07-16 11:10:47.589665
ACC000721,CUST00193,Savings,2020-09-23,Bengaluru,INR,Open,Core Banking,BATCH_20260720,2026-07-20,2026-07-16 11:10:47.589673,2026-07-16 11:10:47.589673
ACC000722,CUST00146,Current,2021-01-31,Hyderabad,INR,Open,Core Banking,BATCH_20260720,2026-07-20,2026-07-16 11:10:47.589679,2026-07-16 11:10:47.589679
ACC000723,CUST00336,Savings,2016-06-29,Mumbai,INR,Open,Core Banking,BATCH_20260720,2026-07-20,2026-07-16 11:10:47.589685,2026-07-16 11:10:47.589685
ACC000724,CUST00340,Demat,2017-06-02,Hyderabad,INR,Open,Core Banking,BATCH_20260720,2026-07-20,2026-07-16 11:10:47.589693,2026-07-16 11:10:47.589693
ACC000725,CUST00445,Investment,2020-03-08,Mumbai,INR,Open,Core Banking,BATCH_20260720,2026-07-20,2026-07-16 11:10:47.589698,2026-07-16 11:10:47.589698
ACC000726,CUST00364,Savings,2022-01-28,Mumbai,INR,Closed,Core Banking,BATCH_20260720,2026-07-20,2026-07-16 11:10:47.589704,2026-07-16 11:10:47.589704
ACC000727,CUST00273,Savings,2019-03-08,Bengaluru,INR,Open,Core Banking,BATCH_20260720,2026-07-20,2026-07-16 11:10:47.589710,2026-07-16 11:10:47.589710
ACC000728,CUST00495,Investment,2015-06-26,Hyderabad,INR,Open,Core Banking,BATCH_20260720,2026-07-20,2026-07-16 11:10:47.589715,2026-07-16 11:10:47.589715
ACC000729,CUST00473,Demat,2022-06-25,Mumbai,INR,Open,Core Banking,BATCH_20260720,2026-07-20,2026-07-16 11:10:47.589721,2026-07-16 11:10:47.589721
ACC000730,CUST00382,Current,2015-05-31,Chennai,INR,Open,Core Banking,BATCH_20260720,2026-07-20,2026-07-16 11:10:47.589726,2026-07-16 11:10:47.589726
ACC000731,CUST00182,Demat,2020-04-18,Pune,INR,Open,Core Banking,BATCH_20260720,2026-07-20,2026-07-16 11:10:47.589732,2026-07-16 11:10:47.589732
ACC000732,CUST00416,Savings,2020-10-11,Mumbai,INR,Open,Core Banking,BATCH_20260720,2026-07-20,2026-07-16 11:10:47.589738,2026-07-16 11:10:47.589738
ACC000733,CUST00484,Demat,2020-01-22,Bengaluru,INR,Open,Core Banking,BATCH_20260720,2026-07-20,2026-07-16 11:10:47.589749,2026-07-16 11:10:47.589749
ACC000734,CUST00460,Investment,2018-01-29,Hyderabad,INR,Open,Core Banking,BATCH_20260720,2026-07-20,2026-07-16 11:10:47.589757,2026-07-16 11:10:47.589757
ACC000735,CUST00267,Current,2024-05-11,Bengaluru,INR,Closed,Core Banking,BATCH_20260720,2026-07-20,2026-07-16 11:10:47.589763,2026-07-16 11:10:47.589763
ACC000736,CUST00079,Investment,2022-01-03,Pune,INR,Open,Core Banking,BATCH_20260720,2026-07-20,2026-07-16 11:10:47.589774,2026-07-16 11:10:47.589774
ACC000737,CUST00230,Current,2019-08-21,Delhi,INR,Open,Core Banking,BATCH_20260720,2026-07-20,2026-07-16 11:10:47.589780,2026-07-16 11:10:47.589780
ACC000738,CUST00298,Current,2018-02-05,Chennai,INR,Open,Core Banking,BATCH_20260720,2026-07-20,2026-07-16 11:10:47.589786,2026-07-16 11:10:47.589786
ACC000739,CUST00466,Current,2024-08-24,Kolkata,INR,Open,Core Banking,BATCH_20260720,2026-07-20,2026-07-16 11:10:47.589792,2026-07-16 11:10:47.589792
ACC000740,CUST00336,Current,2022-02-13,Hyderabad,INR,Open,Core Banking,BATCH_20260720,2026-07-20,2026-07-16 11:10:47.589797,2026-07-16 11:10:47.589797
ACC000741,CUST00273,Savings,2019-02-17,Chennai,INR,Open,Core Banking,BATCH_20260720,2026-07-20,2026-07-16 11:10:47.589803,2026-07-16 11:10:47.589803
ACC000742,CUST00373,Savings,2022-02-23,Mumbai,INR,Open,Core Banking,BATCH_20260720,2026-07-20,2026-07-16 11:10:47.589808,2026-07-16 11:10:47.589808
ACC000743,CUST00156,Investment,2021-02-20,Bengaluru,INR,Open,Core Banking,BATCH_20260720,2026-07-20,2026-07-16 11:10:47.589814,2026-07-16 11:10:47.589814
ACC000744,CUST00055,Current,2019-02-22,Hyderabad,INR,Closed,Core Banking,BATCH_20260720,2026-07-20,2026-07-16 11:10:47.589824,2026-07-16 11:10:47.589824
ACC000745,CUST00316,Demat,2020-03-06,Pune,INR,Open,Core Banking,BATCH_20260720,2026-07-20,2026-07-16 11:10:47.589873,2026-07-16 11:10:47.589873
ACC000746,CUST00119,Savings,2023-01-22,Hyderabad,INR,Open,Core Banking,BATCH_20260720,2026-07-20,2026-07-16 11:10:47.589884,2026-07-16 11:10:47.589884
ACC000747,CUST00069,Investment,2023-05-22,Bengaluru,INR,Open,Core Banking,BATCH_20260720,2026-07-20,2026-07-16 11:10:47.589892,2026-07-16 11:10:47.589892
ACC000748,CUST00252,Investment,2018-01-31,Bengaluru,INR,Open,Core Banking,BATCH_20260720,2026-07-20,2026-07-16 11:10:47.589901,2026-07-16 11:10:47.589901
ACC000749,CUST00116,Savings,2024-03-01,Kolkata,INR,Open,Core Banking,BATCH_20260720,2026-07-20,2026-07-16 11:10:47.589909,2026-07-16 11:10:47.589909
ACC000750,CUST00474,Demat,2024-04-06,Bengaluru,INR,Open,Core Banking,BATCH_20260720,2026-07-20,2026-07-16 11:10:47.589919,2026-07-16 11:10:47.589919
ACC000751,CUST00388,Current,2016-06-25,Bengaluru,INR,Open,Core Banking,BATCH_20260720,2026-07-20,2026-07-16 11:10:47.589929,2026-07-16 11:10:47.589929
ACC000752,CUST00444,Investment,2022-04-15,Kolkata,INR,Open,Core Banking,BATCH_20260720,2026-07-20,2026-07-16 11:10:47.589939,2026-07-16 11:10:47.589939
ACC000753,CUST00455,Current,2024-08-03,Mumbai,INR,Open,Core Banking,BATCH_20260720,2026-07-20,2026-07-16 11:10:47.589950,2026-07-16 11:10:47.589950
ACC000754,CUST00312,Investment,2022-01-07,Mumbai,INR,Closed,Core Banking,BATCH_20260720,2026-07-20,2026-07-16 11:10:47.589967,2026-07-16 11:10:47.589967
ACC000755,CUST00481,Savings,2026-09-05,Hyderabad,INR,Open,Core Banking,BATCH_20260720,2026-07-20,2026-07-16 11:10:47.589973,2026-07-16 11:10:47.589973
ACC000756,CUST00234,Savings,2020-07-05,Pune,INR,Open,Core Banking,BATCH_20260720,2026-07-20,2026-07-16 11:10:47.589979,2026-07-16 11:10:47.589979
ACC000757,CUST00203,Savings,2023-09-09,Pune,INR,Open,Core Banking,BATCH_20260720,2026-07-20,2026-07-16 11:10:47.589985,2026-07-16 11:10:47.589985
ACC000758,CUST00098,Demat,2024-11-09,Mumbai,INR,Open,Core Banking,BATCH_20260720,2026-07-20,2026-07-16 11:10:47.589996,2026-07-16 11:10:47.589996
ACC000759,CUST00397,Demat,2025-05-07,Bengaluru,INR,Open,Core Banking,BATCH_20260720,2026-07-20,2026-07-16 11:10:47.590002,2026-07-16 11:10:47.590002
ACC000760,CUST00151,Savings,2026-08-06,Bengaluru,INR,Open,Core Banking,BATCH_20260720,2026-07-20,2026-07-16 11:10:47.590007,2026-07-16 11:10:47.590007
ACC000761,CUST00425,Investment,2017-01-10,Delhi,INR,Open,Core Banking,BATCH_20260720,2026-07-20,2026-07-16 11:10:47.590013,2026-07-16 11:10:47.590013
ACC000762,CUST00058,Current,2018-01-13,Mumbai,INR,Open,Core Banking,BATCH_20260720,2026-07-20,2026-07-16 11:10:47.590019,2026-07-16 11:10:47.590019
ACC000763,CUST00166,Investment,2015-07-24,Bengaluru,INR,Open,Core Banking,BATCH_20260720,2026-07-20,2026-07-16 11:10:47.590025,2026-07-16 11:10:47.590025
ACC000764,CUST00303,Current,2025-03-13,Hyderabad,INR,Open,Core Banking,BATCH_20260720,2026-07-20,2026-07-16 11:10:47.590055,2026-07-16 11:10:47.590055
ACC000765,CUST00166,Current,2017-10-09,Hyderabad,INR,Open,Core Banking,BATCH_20260720,2026-07-20,2026-07-16 11:10:47.590064,2026-07-16 11:10:47.590064
ACC000766,CUST00362,Investment,2023-02-21,Hyderabad,INR,Open,Core Banking,BATCH_20260720,2026-07-20,2026-07-16 11:10:47.590070,2026-07-16 11:10:47.590070
ACC000767,CUST00363,Investment,2026-06-23,Pune,INR,Open,Core Banking,BATCH_20260720,2026-07-20,2026-07-16 11:10:47.590076,2026-07-16 11:10:47.590076
ACC000768,CUST00194,Investment,2015-12-26,Kolkata,INR,Open,Core Banking,BATCH_20260720,2026-07-20,2026-07-16 11:10:47.590082,2026-07-16 11:10:47.590082
ACC000769,CUST00468,Demat,2018-05-14,Bengaluru,INR,Open,Core Banking,BATCH_20260720,2026-07-20,2026-07-16 11:10:47.590087,2026-07-16 11:10:47.590087
ACC000770,CUST00092,Savings,2024-05-30,Chennai,INR,Open,Core Banking,BATCH_20260720,2026-07-20,2026-07-16 11:10:47.590093,2026-07-16 11:10:47.590093
ACC000771,CUST00374,Investment,2021-06-23,Delhi,INR,Open,Core Banking,BATCH_20260720,2026-07-20,2026-07-16 11:10:47.590098,2026-07-16 11:10:47.590098
ACC000772,CUST00061,Current,2019-07-20,Hyderabad,INR,Closed,Core Banking,BATCH_20260720,2026-07-20,2026-07-16 11:10:47.590104,2026-07-16 11:10:47.590104
ACC000773,CUST00392,Demat,2015-04-11,Mumbai,INR,Open,Core Banking,BATCH_20260720,2026-07-20,2026-07-16 11:10:47.590109,2026-07-16 11:10:47.590109
ACC000774,CUST00438,Investment,2015-02-17,Pune,INR,Open,Core Banking,BATCH_20260720,2026-07-20,2026-07-16 11:10:47.590119,2026-07-16 11:10:47.590119
ACC000775,CUST00122,Current,2025-09-02,Mumbai,INR,Open,Core Banking,BATCH_20260720,2026-07-20,2026-07-16 11:10:47.590124,2026-07-16 11:10:47.590124
ACC000776,CUST00227,Savings,2015-02-23,Bengaluru,INR,Open,Core Banking,BATCH_20260720,2026-07-20,2026-07-16 11:10:47.590130,2026-07-16 11:10:47.590130
ACC000777,CUST00143,Current,2016-02-05,Bengaluru,INR,Open,Core Banking,BATCH_20260720,2026-07-20,2026-07-16 11:10:47.590136,2026-07-16 11:10:47.590136
ACC000778,CUST00029,Demat,2015-10-28,Bengaluru,INR,Open,Core Banking,BATCH_20260720,2026-07-20,2026-07-16 11:10:47.590142,2026-07-16 11:10:47.590142
ACC000779,CUST00342,Demat,2022-06-05,Hyderabad,INR,Open,Core Banking,BATCH_20260720,2026-07-20,2026-07-16 11:10:47.590147,2026-07-16 11:10:47.590147
ACC000780,CUST00056,Investment,2018-12-31,Bengaluru,INR,Open,Core Banking,BATCH_20260720,2026-07-20,2026-07-16 11:10:47.590153,2026-07-16 11:10:47.590153
ACC000781,CUST00313,Current,2025-03-19,Delhi,INR,Closed,Core Banking,BATCH_20260720,2026-07-20,2026-07-16 11:10:47.590158,2026-07-16 11:10:47.590158
ACC000782,CUST00185,Savings,2017-02-01,Kolkata,INR,Open,Core Banking,BATCH_20260720,2026-07-20,2026-07-16 11:10:47.590164,2026-07-16 11:10:47.590164
ACC000783,CUST00166,Demat,2023-07-02,Kolkata,INR,Open,Core Banking,BATCH_20260720,2026-07-20,2026-07-16 11:10:47.590169,2026-07-16 11:10:47.590169
ACC000784,CUST00389,Investment,2016-06-15,Chennai,INR,Open,Core Banking,BATCH_20260720,2026-07-20,2026-07-16 11:10:47.590178,2026-07-16 11:10:47.590178
ACC000785,CUST00069,Savings,2021-02-26,Chennai,INR,Open,Core Banking,BATCH_20260720,2026-07-20,2026-07-16 11:10:47.590186,2026-07-16 11:10:47.590186
ACC000786,CUST00212,Current,2019-09-09,Pune,INR,Open,Core Banking,BATCH_20260720,2026-07-20,2026-07-16 11:10:47.590191,2026-07-16 11:10:47.590191
ACC000787,CUST00056,Savings,2025-11-06,Delhi,INR,Closed,Core Banking,BATCH_20260720,2026-07-20,2026-07-16 11:10:47.590197,2026-07-16 11:10:47.590197
ACC000788,CUST00479,Demat,2024-07-30,Pune,INR,Open,Core Banking,BATCH_20260720,2026-07-20,2026-07-16 11:10:47.590204,2026-07-16 11:10:47.590204
ACC000789,CUST00133,Demat,2017-11-28,Pune,INR,Closed,Core Banking,BATCH_20260720,2026-07-20,2026-07-16 11:10:47.590209,2026-07-16 11:10:47.590209
ACC000790,CUST00255,Investment,2026-01-17,Kolkata,INR,Open,Core Banking,BATCH_20260720,2026-07-20,2026-07-16 11:10:47.590215,2026-07-16 11:10:47.590215
ACC000791,CUST00453,Current,2021-07-07,Bengaluru,INR,Open,Core Banking,BATCH_20260720,2026-07-20,2026-07-16 11:10:47.590221,2026-07-16 11:10:47.590221
ACC000792,CUST00061,Savings,2025-06-05,Delhi,INR,Open,Core Banking,BATCH_20260720,2026-07-20,2026-07-16 11:10:47.590226,2026-07-16 11:10:47.590226
ACC000793,CUST00378,Current,2024-04-19,Mumbai,INR,Open,Core Banking,BATCH_20260720,2026-07-20,2026-07-16 11:10:47.590232,2026-07-16 11:10:47.590232
ACC000794,CUST00171,Demat,2019-10-06,Hyderabad,INR,Open,Core Banking,BATCH_20260720,2026-07-20,2026-07-16 11:10:47.590241,2026-07-16 11:10:47.590241
ACC000795,CUST00354,Demat,2020-09-15,Kolkata,INR,Open,Core Banking,BATCH_20260720,2026-07-20,2026-07-16 11:10:47.590246,2026-07-16 11:10:47.590246
ACC000796,CUST00158,Demat,2026-05-13,Pune,INR,Open,Core Banking,BATCH_20260720,2026-07-20,2026-07-16 11:10:47.590252,2026-07-16 11:10:47.590252
ACC000797,CUST00393,Savings,2017-07-21,Delhi,INR,Open,Core Banking,BATCH_20260720,2026-07-20,2026-07-16 11:10:47.590259,2026-07-16 11:10:47.590259
ACC000798,CUST00175,Investment,2015-08-27,Kolkata,INR,Open,Core Banking,BATCH_20260720,2026-07-20,2026-07-16 11:10:47.590265,2026-07-16 11:10:47.590265
ACC000799,CUST00100,Demat,2022-07-31,Delhi,INR,Open,Core Banking,BATCH_20260720,2026-07-20,2026-07-16 11:10:47.590271,2026-07-16 11:10:47.590271
ACC000800,CUST00470,Investment,2015-10-19,Delhi,INR,Open,Core Banking,BATCH_20260720,2026-07-20,2026-07-16 11:10:47.590277,2026-07-16 11:10:47.590277
