customer_id,first_name,last_name,gender,dob,email,phone,city,state,advisor_id,risk_profile,annual_income,status,source_system,batch_id,load_date,record_created_ts,record_updated_ts
CUST00001,Wriddhish,Bhardwaj,Female,1964-07-04,chadavedika@example.org,+917525876051,Warangal,Sikkim,ADV0007,High,1419786,Active,Core Banking,BATCH_20260720,2026-07-20,2026-07-16 11:10:43.644644,2026-07-16 11:10:43.644644
CUST00002,Vaishnavi,Gandhi,Male,1965-11-29,ikakar@example.net,+918616197747,Bijapur,Madhya Pradesh,ADV0006,High,1326811,Active,Core Banking,BATCH_20260720,2026-07-20,2026-07-16 11:10:43.645184,2026-07-16 11:10:43.645184
CUST00003,Kashvi,Sarma,Male,2002-09-19,pdara@example.org,+917985392498,Sonipat,Andhra Pradesh,ADV0013,Medium,2984353,Active,Core Banking,BATCH_20260720,2026-07-20,2026-07-16 11:10:43.645289,2026-07-16 11:10:43.645289
CUST00004,Victor,Kannan,Male,1950-12-15,karnikekansh@example.org,+918940395823,Madurai,Mizoram,ADV0011,Low,1260697,Active,Core Banking,BATCH_20260720,2026-07-20,2026-07-16 11:10:43.645371,2026-07-16 11:10:43.645371
CUST00005,Wazir,Mallick,Male,1989-05-04,kevinsolanki@example.org,+919457645390,Vellore,Gujarat,ADV0011,Medium,1422986,Active,Core Banking,BATCH_20260720,2026-07-20,2026-07-16 11:10:43.645538,2026-07-16 11:10:43.645538
CUST00006,Girindra,Chatterjee,Male,1988-10-04,pallavi67@example.net,+916906164396,Navi Mumbai,Arunachal Pradesh,ADV0019,High,1619854,Active,Core Banking,BATCH_20260720,2026-07-20,2026-07-16 11:10:43.645645,2026-07-16 11:10:43.645645
CUST00007,Neha,Nori,Male,1996-12-21,kotharirehaan@example.org,+918815087637,Kolhapur,Maharashtra,ADV0016,Medium,2996316,Active,Core Banking,BATCH_20260720,2026-07-20,2026-07-16 11:10:43.645719,2026-07-16 11:10:43.645719
CUST00008,Qadim,Mallick,Female,1977-05-15,savantguneet@example.org,+916613628803,Tiruchirappalli,Tripura,ADV0009,Low,1334430,Active,Core Banking,BATCH_20260720,2026-07-20,2026-07-16 11:10:43.645787,2026-07-16 11:10:43.645787
CUST00009,Warjas,Ganesan,Female,1974-02-09,zkala@example.org,+919208399878,Nadiad,Andhra Pradesh,ADV0019,Medium,2747514,Active,Core Banking,BATCH_20260720,2026-07-20,2026-07-16 11:10:43.645849,2026-07-16 11:10:43.645849
CUST00010,Madhavi,Lanka,Female,2004-04-11,bmangal@example.net,+917554762903,Bhatpara,Gujarat,ADV0008,Low,2437108,Active,Core Banking,BATCH_20260720,2026-07-20,2026-07-16 11:10:43.645908,2026-07-16 11:10:43.645908
CUST00011,Chaman,Kalla,Female,2006-09-22,murthydakshesh@example.org,+916390452952,Ambala,West Bengal,ADV0002,Low,941062,Active,Core Banking,BATCH_20260720,2026-07-20,2026-07-16 11:10:43.645971,2026-07-16 11:10:43.645971
CUST00012,Nakul,Bhandari,Male,2006-04-07,grewalekapad@example.net,+919401954956,Noida,Madhya Pradesh,ADV0014,High,566454,Active,Core Banking,BATCH_20260720,2026-07-20,2026-07-16 11:10:43.646035,2026-07-16 11:10:43.646035
CUST00013,Jagdish,Koshy,Female,1984-02-12,bumboni@example.net,+917639042338,Bhilwara,Gujarat,ADV0020,Medium,2519266,Active,Core Banking,BATCH_20260720,2026-07-20,2026-07-16 11:10:43.646096,2026-07-16 11:10:43.646096
CUST00014,Dipta,Khare,Female,1965-12-11,charitashankar@example.com,+918376087131,Bangalore,Manipur,ADV0001,High,780464,Active,Core Banking,BATCH_20260720,2026-07-20,2026-07-16 11:10:43.646158,2026-07-16 11:10:43.646158
CUST00015,Harish,Borah,Female,1981-09-20,kevin51@example.org,+919301106403,Anantapuram,Goa,ADV0011,Low,1531028,Active,Core Banking,BATCH_20260720,2026-07-20,2026-07-16 11:10:43.646217,2026-07-16 11:10:43.646217
CUST00016,Raksha,Mittal,Female,1986-01-06,mistryhemang@example.org,+916679282378,Bhiwandi,Bihar,ADV0015,Low,1404733,Active,Core Banking,BATCH_20260720,2026-07-20,2026-07-16 11:10:43.646286,2026-07-16 11:10:43.646286
CUST00017,Nachiket,Magar,Male,1966-11-18,hemaljani@example.net,+918180476188,Dibrugarh,Meghalaya,ADV0004,High,1551768,Active,Core Banking,BATCH_20260720,2026-07-20,2026-07-16 11:10:43.646354,2026-07-16 11:10:43.646354
CUST00018,Zayan,Behl,Male,1955-11-22,cmalhotra@example.org,+916656439677,Bikaner,Rajasthan,ADV0012,Low,2562319,Active,Core Banking,BATCH_20260720,2026-07-20,2026-07-16 11:10:43.646415,2026-07-16 11:10:43.646415
CUST00019,Adweta,Edwin,Male,1993-07-12,handra@example.org,+918572447412,Bongaigaon,Arunachal Pradesh,ADV0011,Medium,381691,Active,Core Banking,BATCH_20260720,2026-07-20,2026-07-16 11:10:43.646472,2026-07-16 11:10:43.646472
CUST00020,Kala,Divan,Male,1975-06-20,morarjanya@example.org,+919990448177,Bhagalpur,Sikkim,ADV0012,Medium,1304335,Active,Core Banking,BATCH_20260720,2026-07-20,2026-07-16 11:10:43.646547,2026-07-16 11:10:43.646547
CUST00021,Zaid,Chauhan,Male,1971-01-19,pdubey@example.org,+917034535593,Haridwar,Andhra Pradesh,ADV0019,Low,659256,Active,Core Banking,BATCH_20260720,2026-07-20,2026-07-16 11:10:43.646606,2026-07-16 11:10:43.646606
CUST00022,Praneel,Natarajan,Female,1995-12-01,rkothari@example.org,+919504793184,Eluru,West Bengal,ADV0003,High,827477,Active,Core Banking,BATCH_20260720,2026-07-20,2026-07-16 11:10:43.646662,2026-07-16 11:10:43.646662
CUST00023,Balvan,Singhal,Male,1963-06-10,tpalla@example.org,+918833608204,Nagpur,Sikkim,ADV0016,High,992592,Active,Core Banking,BATCH_20260720,2026-07-20,2026-07-16 11:10:43.646718,2026-07-16 11:10:43.646718
CUST00024,Reyansh,Rastogi,Female,1969-07-30,mallickindali@example.net,+918266341635,Jorhat,Karnataka,ADV0020,Medium,1188346,Active,Core Banking,BATCH_20260720,2026-07-20,2026-07-16 11:10:43.646778,2026-07-16 11:10:43.646778
CUST00025,Ayaan,D’Alia,Male,2001-05-29,pranav94@example.org,+919062092518,Kavali,Maharashtra,ADV0010,Medium,1866239,Active,Core Banking,BATCH_20260720,2026-07-20,2026-07-16 11:10:43.646839,2026-07-16 11:10:43.646839
CUST00026,Hemani,Murthy,Female,1975-11-07,rajanranveer@example.com,+919863813067,Junagadh,Andhra Pradesh,ADV0017,Medium,807528,Active,Core Banking,BATCH_20260720,2026-07-20,2026-07-16 11:10:43.646900,2026-07-16 11:10:43.646900
CUST00027,Zinal,Yohannan,Male,1990-05-18,janujasankar@example.org,+916965067727,Satara,Sikkim,ADV0003,Medium,388224,Active,Core Banking,BATCH_20260720,2026-07-20,2026-07-16 11:10:43.646964,2026-07-16 11:10:43.646964
CUST00028,Jeet,Mital,Male,1979-12-14,znarain@example.net,+918527331058,Begusarai,Chhattisgarh,ADV0008,Low,597766,Active,Core Banking,BATCH_20260720,2026-07-20,2026-07-16 11:10:43.647022,2026-07-16 11:10:43.647022
CUST00029,Rehaan,Salvi,Male,1989-02-07,nghosh@example.net,+916983297492,Machilipatnam,Nagaland,ADV0003,Low,1685917,Active,Core Banking,BATCH_20260720,2026-07-20,2026-07-16 11:10:43.647080,2026-07-16 11:10:43.647080
CUST00030,Aadi,Modi,Male,1967-03-07,dnagy@example.com,+918208283728,Kakinada,Mizoram,ADV0008,Medium,2335975,Active,Core Banking,BATCH_20260720,2026-07-20,2026-07-16 11:10:43.647135,2026-07-16 11:10:43.647135
CUST00031,Urvashi,Gara,Male,1988-10-01,yutika95@example.org,+918315992115,Tirupati,Haryana,ADV0005,High,2695128,Active,Core Banking,BATCH_20260720,2026-07-20,2026-07-16 11:10:43.647192,2026-07-16 11:10:43.647192
CUST00032,Rushil,Din,Female,1951-12-15,vaishnavibora@example.com,+917043665192,Ramgarh,Gujarat,ADV0016,Medium,1098637,Active,Core Banking,BATCH_20260720,2026-07-20,2026-07-16 11:10:43.647261,2026-07-16 11:10:43.647261
CUST00033,Leena,Talwar,Male,1973-09-19,abdulchhabra@example.com,+916416314667,Belgaum,Uttar Pradesh,ADV0014,Medium,2076617,Active,Core Banking,BATCH_20260720,2026-07-20,2026-07-16 11:10:43.647333,2026-07-16 11:10:43.647333
CUST00034,Zarna,Shetty,Female,1953-06-13,jairajshan@example.org,+918005855667,Bettiah,Nagaland,ADV0002,High,712794,Active,Core Banking,BATCH_20260720,2026-07-20,2026-07-16 11:10:43.647392,2026-07-16 11:10:43.647392
CUST00035,Edhitha,Savant,Male,1986-01-27,ksehgal@example.net,+917729245242,Hospet,Himachal Pradesh,ADV0011,Low,1342940,Active,Core Banking,BATCH_20260720,2026-07-20,2026-07-16 11:10:43.647449,2026-07-16 11:10:43.647449
CUST00036,Yug,Malhotra,Male,1994-12-15,rkhare@example.com,+916816941039,Baranagar,Haryana,ADV0018,Medium,887967,Active,Core Banking,BATCH_20260720,2026-07-20,2026-07-16 11:10:43.647514,2026-07-16 11:10:43.647514
CUST00037,Anita,Nayak,Female,1969-01-30,devimatthew@example.org,+916788075126,Jamnagar,Tamil Nadu,ADV0009,Medium,1347764,Active,Core Banking,BATCH_20260720,2026-07-20,2026-07-16 11:10:43.647575,2026-07-16 11:10:43.647575
CUST00038,Tanish,Bhatt,Male,1974-08-07,unnati60@example.org,+917903232052,Pali,Tripura,ADV0018,Low,512182,Active,Core Banking,BATCH_20260720,2026-07-20,2026-07-16 11:10:43.647634,2026-07-16 11:10:43.647634
CUST00039,Anmol,Rai,Male,1978-03-15,chanchal66@example.net,+916400560567,Morbi,Haryana,ADV0008,Low,2004624,Active,Core Banking,BATCH_20260720,2026-07-20,2026-07-16 11:10:43.647691,2026-07-16 11:10:43.647691
CUST00040,Anjali,Sarin,Female,1978-09-15,qnayar@example.net,+918067418686,Dehradun,Uttarakhand,ADV0007,Medium,545934,Active,Core Banking,BATCH_20260720,2026-07-20,2026-07-16 11:10:43.647746,2026-07-16 11:10:43.647746
CUST00041,Unni,Datta,Male,2007-06-03,rameshavi@example.org,+917627677155,Bhavnagar,West Bengal,ADV0001,Medium,1412342,Active,Core Banking,BATCH_20260720,2026-07-20,2026-07-16 11:10:43.647807,2026-07-16 11:10:43.647807
CUST00042,Triya,Gopal,Female,1953-06-15,nnarang@example.com,+917225136114,Naihati,Tripura,ADV0014,High,2631061,Active,Core Banking,BATCH_20260720,2026-07-20,2026-07-16 11:10:43.647863,2026-07-16 11:10:43.647863
CUST00043,Ladli,Mall,Female,1994-02-26,fkrishnan@example.com,+916664847319,Panvel,Arunachal Pradesh,ADV0007,Medium,1213103,Active,Core Banking,BATCH_20260720,2026-07-20,2026-07-16 11:10:43.647918,2026-07-16 11:10:43.647918
CUST00044,Inaya,Kapur,Male,1988-03-31,balasubramanianyug@example.org,+918487560384,Jamnagar,Haryana,ADV0018,Low,1615353,Active,Core Banking,BATCH_20260720,2026-07-20,2026-07-16 11:10:43.647994,2026-07-16 11:10:43.647994
CUST00045,Jonathan,Solanki,Male,1989-05-14,udyatikunda@example.com,+916215359682,Medininagar,Punjab,ADV0019,Medium,2409107,Active,Core Banking,BATCH_20260720,2026-07-20,2026-07-16 11:10:43.648053,2026-07-16 11:10:43.648053
CUST00046,Ishwar,Gade,Male,2006-06-29,baldevika@example.net,+916244295904,Sikar,Tamil Nadu,ADV0017,Low,1079406,Active,Core Banking,BATCH_20260720,2026-07-20,2026-07-16 11:10:43.648114,2026-07-16 11:10:43.648114
CUST00047,Rushil,Borra,Male,1984-11-17,harshmitra@example.net,+918555656321,Buxar,Uttar Pradesh,ADV0003,High,1286516,Active,Core Banking,BATCH_20260720,2026-07-20,2026-07-16 11:10:43.648173,2026-07-16 11:10:43.648173
CUST00048,Benjamin,Palan,Female,1981-06-09,ekapad85@example.org,+916514909066,Unnao,Bihar,ADV0019,Low,2728162,Active,Core Banking,BATCH_20260720,2026-07-20,2026-07-16 11:10:43.648231,2026-07-16 11:10:43.648231
CUST00049,Rachita,Pathak,Male,1987-05-27,bdua@example.org,+918660223333,Tadepalligudem,Uttar Pradesh,ADV0003,Medium,2748099,Active,Core Banking,BATCH_20260720,2026-07-20,2026-07-16 11:10:43.648296,2026-07-16 11:10:43.648296
CUST00050,Veda,Shroff,Female,1975-10-20,ekantika31@example.com,+917119980130,Latur,Tripura,ADV0007,High,1617782,Active,Core Banking,BATCH_20260720,2026-07-20,2026-07-16 11:10:43.648356,2026-07-16 11:10:43.648356
CUST00051,Ucchal,Raghavan,Male,1970-01-18,lnair@example.com,+917140805649,Raichur,Uttar Pradesh,ADV0013,Low,1558278,Active,Core Banking,BATCH_20260720,2026-07-20,2026-07-16 11:10:43.648411,2026-07-16 11:10:43.648411
CUST00052,Aarna,Oak,Female,1966-10-04,advaith83@example.org,+917357970698,Vellore,Meghalaya,ADV0003,Low,2222188,Active,Core Banking,BATCH_20260720,2026-07-20,2026-07-16 11:10:43.648469,2026-07-16 11:10:43.648469
CUST00053,Wridesh,Soni,Male,1988-01-01,ysem@example.org,+916314652384,Durg,Haryana,ADV0018,Low,2421834,Active,Core Banking,BATCH_20260720,2026-07-20,2026-07-16 11:10:43.648537,2026-07-16 11:10:43.648537
CUST00054,Nidhi,Kohli,Female,1968-04-18,urvashi88@example.com,+916568896616,Jamalpur,Karnataka,ADV0012,Low,1324603,Active,Core Banking,BATCH_20260720,2026-07-20,2026-07-16 11:10:43.648604,2026-07-16 11:10:43.648604
CUST00055,Indira,Setty,Female,1966-04-02,vihaan13@example.com,+917224011538,Jorhat,Tripura,ADV0006,Medium,2578421,Active,Core Banking,BATCH_20260720,2026-07-20,2026-07-16 11:10:43.648664,2026-07-16 11:10:43.648664
CUST00056,Qasim,Handa,Female,1963-02-02,umalhotra@example.net,+918627135980,Salem,Uttarakhand,ADV0017,Low,2626170,Active,Core Banking,BATCH_20260720,2026-07-20,2026-07-16 11:10:43.648720,2026-07-16 11:10:43.648720
CUST00057,Rishi,Minhas,Female,1963-09-25,chasmumatwal@example.net,+918849232839,Panipat,Arunachal Pradesh,ADV0004,Low,1409250,Active,Core Banking,BATCH_20260720,2026-07-20,2026-07-16 11:10:43.648778,2026-07-16 11:10:43.648778
CUST00058,Chatura,Master,Male,1990-12-27,vrittichauhan@example.org,+919821286999,Nandyal,Meghalaya,ADV0004,High,2620388,Active,Core Banking,BATCH_20260720,2026-07-20,2026-07-16 11:10:43.648842,2026-07-16 11:10:43.648842
CUST00059,Ridhi,Oak,Male,1961-03-25,krishnanvanya@example.org,+917169726681,Rewa,Meghalaya,ADV0010,High,1183444,Active,Core Banking,BATCH_20260720,2026-07-20,2026-07-16 11:10:43.648899,2026-07-16 11:10:43.648899
CUST00060,Ethan,Bera,Female,1959-05-04,frederick31@example.net,+916874443787,Medininagar,Punjab,ADV0009,High,2349051,Active,Core Banking,BATCH_20260720,2026-07-20,2026-07-16 11:10:43.648956,2026-07-16 11:10:43.648956
CUST00061,Upkaar,Virk,Female,1972-08-07,lmishra@example.com,+919888390599,Jehanabad,Punjab,ADV0002,Low,2960381,Active,Core Banking,BATCH_20260720,2026-07-20,2026-07-16 11:10:43.649066,2026-07-16 11:10:43.649066
CUST00062,Darpan,Chaudhary,Female,2005-07-01,siddharthlalla@example.net,+919562022940,Sangli-Miraj & Kupwad,Haryana,ADV0009,Low,314871,Active,Core Banking,BATCH_20260720,2026-07-20,2026-07-16 11:10:43.649168,2026-07-16 11:10:43.649168
CUST00063,Oscar,Borde,Female,1959-08-14,sseshadri@example.net,+919311931853,Jalna,Arunachal Pradesh,ADV0005,High,1398720,Active,Core Banking,BATCH_20260720,2026-07-20,2026-07-16 11:10:43.649254,2026-07-16 11:10:43.649254
CUST00064,Vincent,Mani,Male,1991-07-17,rbobal@example.org,+919183562527,Giridih,Sikkim,ADV0015,High,2093848,Active,Core Banking,BATCH_20260720,2026-07-20,2026-07-16 11:10:43.649353,2026-07-16 11:10:43.649353
CUST00065,Rudra,Sandal,Male,1957-03-12,manthanlata@example.org,+916480494664,Allahabad,Goa,ADV0003,High,925178,Active,Core Banking,BATCH_20260720,2026-07-20,2026-07-16 11:10:43.649444,2026-07-16 11:10:43.649444
CUST00066,Damyanti,Mani,Male,1976-01-04,smodi@example.com,+919584558315,Orai,Nagaland,ADV0012,High,2617458,Active,Core Banking,BATCH_20260720,2026-07-20,2026-07-16 11:10:43.649562,2026-07-16 11:10:43.649562
CUST00067,Wakeeta,Sarma,Male,1955-03-16,sankaranekantika@example.net,+917845919895,Indore,Assam,ADV0005,Low,1592929,Active,Core Banking,BATCH_20260720,2026-07-20,2026-07-16 11:10:43.649659,2026-07-16 11:10:43.649659
CUST00068,Veer,Bail,Female,2008-07-06,banjeet27@example.net,+919861096073,Alwar,Goa,ADV0002,Medium,1181124,Active,Core Banking,BATCH_20260720,2026-07-20,2026-07-16 11:10:43.649765,2026-07-16 11:10:43.649765
CUST00069,Rajata,Swamy,Male,2006-09-29,apall@example.com,+918864457210,Vasai-Virar,West Bengal,ADV0004,Medium,2648321,Active,Core Banking,BATCH_20260720,2026-07-20,2026-07-16 11:10:43.649870,2026-07-16 11:10:43.649870
CUST00070,Naveen,Narayan,Female,1974-05-31,qmani@example.com,+918665720874,Malda,Assam,ADV0005,Low,981581,Active,Core Banking,BATCH_20260720,2026-07-20,2026-07-16 11:10:43.649985,2026-07-16 11:10:43.649985
CUST00071,Divya,Krishnan,Male,1969-04-15,avarkey@example.net,+919785653776,Haridwar,Arunachal Pradesh,ADV0014,Low,1052293,Active,Core Banking,BATCH_20260720,2026-07-20,2026-07-16 11:10:43.650081,2026-07-16 11:10:43.650081
CUST00072,Raghav,Vasa,Female,1971-07-10,wsathe@example.org,+919360324392,Shimoga,Nagaland,ADV0014,High,1340888,Active,Core Banking,BATCH_20260720,2026-07-20,2026-07-16 11:10:43.650179,2026-07-16 11:10:43.650179
CUST00073,Karan,Mani,Female,1975-12-13,bdara@example.net,+916683749521,Kozhikode,Jharkhand,ADV0004,Medium,462422,Active,Core Banking,BATCH_20260720,2026-07-20,2026-07-16 11:10:43.650272,2026-07-16 11:10:43.650272
CUST00074,Akshay,Reddy,Female,1955-12-11,shenoyjacob@example.net,+916955345537,Panchkula,Tamil Nadu,ADV0007,Medium,1766573,Active,Core Banking,BATCH_20260720,2026-07-20,2026-07-16 11:10:43.650412,2026-07-16 11:10:43.650412
CUST00075,Bishakha,Upadhyay,Female,1991-06-15,esubramanian@example.org,+919524176919,Suryapet,Chhattisgarh,ADV0008,Low,399255,Active,Core Banking,BATCH_20260720,2026-07-20,2026-07-16 11:10:43.651628,2026-07-16 11:10:43.651628
CUST00076,Leela,Halder,Male,2004-01-03,ekarajmajumdar@example.com,+917711398352,Guna,Himachal Pradesh,ADV0011,Medium,591171,Active,Core Banking,BATCH_20260720,2026-07-20,2026-07-16 11:10:43.651838,2026-07-16 11:10:43.651838
CUST00077,Aarnav,Mandal,Female,1992-08-25,cdixit@example.net,+917508161137,Hapur,Karnataka,ADV0017,Medium,2549051,Active,Core Banking,BATCH_20260720,2026-07-20,2026-07-16 11:10:43.651951,2026-07-16 11:10:43.651951
CUST00078,Krishna,Shah,Female,2004-08-23,williamrajagopal@example.org,+916118543408,Varanasi,Karnataka,ADV0004,Medium,1048967,Active,Core Banking,BATCH_20260720,2026-07-20,2026-07-16 11:10:43.652070,2026-07-16 11:10:43.652070
CUST00079,Urvashi,Raj,Female,1972-12-06,warhibansal@example.org,+916164313410,Salem,West Bengal,ADV0004,High,2122692,Active,Core Banking,BATCH_20260720,2026-07-20,2026-07-16 11:10:43.652174,2026-07-16 11:10:43.652174
CUST00080,Ria,Chaudhry,Female,1981-01-16,uaurora@example.org,+919129077209,Bhatpara,Assam,ADV0011,Medium,2842624,Active,Core Banking,BATCH_20260720,2026-07-20,2026-07-16 11:10:43.652273,2026-07-16 11:10:43.652273
CUST00081,Upasna,Lanka,Male,1970-03-05,vbuch@example.net,+917654401763,Ratlam,Rajasthan,ADV0019,Low,1368383,Active,Core Banking,BATCH_20260720,2026-07-20,2026-07-16 11:10:43.652383,2026-07-16 11:10:43.652383
CUST00082,Vinaya,Banik,Male,1986-05-08,bhavnakaran@example.net,+919044209616,Raebareli,Bihar,ADV0014,Low,2480703,Active,Core Banking,BATCH_20260720,2026-07-20,2026-07-16 11:10:43.652547,2026-07-16 11:10:43.652547
CUST00083,Harish,Sawhney,Male,1960-03-09,ayush05@example.org,+917564319318,Secunderabad,Kerala,ADV0014,Low,1684959,Active,Core Banking,BATCH_20260720,2026-07-20,2026-07-16 11:10:43.652664,2026-07-16 11:10:43.652664
CUST00084,Raagini,Dhingra,Female,1964-09-13,kgole@example.org,+918849227494,Phagwara,West Bengal,ADV0004,High,1559642,Active,Core Banking,BATCH_20260720,2026-07-20,2026-07-16 11:10:43.652770,2026-07-16 11:10:43.652770
CUST00085,Lavanya,Khosla,Female,1979-05-28,vincentshenoy@example.net,+918864283209,Jaunpur,Himachal Pradesh,ADV0014,Medium,1987789,Active,Core Banking,BATCH_20260720,2026-07-20,2026-07-16 11:10:43.652896,2026-07-16 11:10:43.652896
CUST00086,Aditya,Shroff,Female,2002-10-23,ethansathe@example.com,+918381183483,Khandwa,Tamil Nadu,ADV0005,Low,2063479,Active,Core Banking,BATCH_20260720,2026-07-20,2026-07-16 11:10:43.653009,2026-07-16 11:10:43.653009
CUST00087,Zashil,Shan,Female,1999-07-26,leenasubramanian@example.org,+918909058412,Eluru,Odisha,ADV0006,High,2687000,Active,Core Banking,BATCH_20260720,2026-07-20,2026-07-16 11:10:43.653121,2026-07-16 11:10:43.653121
CUST00088,Jagrati,Merchant,Female,2008-02-12,anthony64@example.org,+917744079573,Medininagar,Telangana,ADV0018,Low,1574543,Active,Core Banking,BATCH_20260720,2026-07-20,2026-07-16 11:10:43.653229,2026-07-16 11:10:43.653229
CUST00089,Watika,Mangat,Female,1995-07-14,indirakanda@example.net,+916902727745,Udupi,Himachal Pradesh,ADV0014,High,2844523,Active,Core Banking,BATCH_20260720,2026-07-20,2026-07-16 11:10:43.653368,2026-07-16 11:10:43.653368
CUST00090,Laksh,Chatterjee,Female,2002-12-08,moreridhi@example.org,+917997109065,Mira-Bhayandar,Assam,ADV0015,Medium,1196328,Active,Core Banking,BATCH_20260720,2026-07-20,2026-07-16 11:10:43.654894,2026-07-16 11:10:43.654894
CUST00091,Chakrika,Narain,Female,1993-11-22,saideo@example.net,+919409067573,Bettiah,Mizoram,ADV0006,High,655658,Active,Core Banking,BATCH_20260720,2026-07-20,2026-07-16 11:10:43.655101,2026-07-16 11:10:43.655101
CUST00092,Anjali,Gala,Female,1965-06-10,vmerchant@example.com,+918213849513,Bhind,Assam,ADV0020,Medium,691694,Active,Core Banking,BATCH_20260720,2026-07-20,2026-07-16 11:10:43.655212,2026-07-16 11:10:43.655212
CUST00093,Lohit,Kara,Male,2000-06-05,fpau@example.com,+918889635392,Bilaspur,Nagaland,ADV0010,Low,1135211,Active,Core Banking,BATCH_20260720,2026-07-20,2026-07-16 11:10:43.655346,2026-07-16 11:10:43.655346
CUST00094,Jatin,Sha,Male,1971-12-01,lakshmi51@example.net,+916104906255,Chittoor,Andhra Pradesh,ADV0002,Low,2292866,Active,Core Banking,BATCH_20260720,2026-07-20,2026-07-16 11:10:43.655453,2026-07-16 11:10:43.655453
CUST00095,Falak,Kant,Male,1988-02-07,pmittal@example.com,+917955997540,Kolhapur,Arunachal Pradesh,ADV0014,High,2714538,Active,Core Banking,BATCH_20260720,2026-07-20,2026-07-16 11:10:43.655566,2026-07-16 11:10:43.655566
CUST00096,Baljiwan,Modi,Male,2008-04-20,chatterjeewahab@example.net,+919085272193,Munger,Manipur,ADV0013,Medium,1976265,Active,Core Banking,BATCH_20260720,2026-07-20,2026-07-16 11:10:43.655670,2026-07-16 11:10:43.655670
CUST00097,Kamala,Zachariah,Male,1974-11-06,oeshichaudhary@example.com,+916633814084,Parbhani,Arunachal Pradesh,ADV0001,Low,2083192,Active,Core Banking,BATCH_20260720,2026-07-20,2026-07-16 11:10:43.656620,2026-07-16 11:10:43.656620
CUST00098,Kamala,Kalla,Male,1976-04-03,jananichaudhary@example.net,+916755427535,Tinsukia,Rajasthan,ADV0017,Medium,510631,Active,Core Banking,BATCH_20260720,2026-07-20,2026-07-16 11:10:43.656760,2026-07-16 11:10:43.656760
CUST00099,Jagrati,Bhat,Male,1973-08-18,jasonsha@example.org,+919940503685,Kavali,Andhra Pradesh,ADV0004,Medium,859264,Active,Core Banking,BATCH_20260720,2026-07-20,2026-07-16 11:10:43.656893,2026-07-16 11:10:43.656893
CUST00100,Chandresh,Nath,Female,1964-08-31,sameshbiswas@example.net,+918867224513,Dharmavaram,Gujarat,ADV0017,High,2797508,Active,Core Banking,BATCH_20260720,2026-07-20,2026-07-16 11:10:43.656998,2026-07-16 11:10:43.656998
CUST00101,Viraj,Narasimhan,Female,1995-06-14,malhotramaanav@example.org,+919243774098,Akola,Bihar,ADV0015,High,2417193,Active,Core Banking,BATCH_20260720,2026-07-20,2026-07-16 11:10:43.657109,2026-07-16 11:10:43.657109
CUST00102,Atharv,Deep,Female,1951-05-26,ekiyababu@example.org,+919567267411,Faridabad,Chhattisgarh,ADV0018,Medium,967556,Active,Core Banking,BATCH_20260720,2026-07-20,2026-07-16 11:10:43.657182,2026-07-16 11:10:43.657182
CUST00103,Oviya,Vora,Female,1957-02-16,sonisaumya@example.com,+917933034905,Bidhannagar,Mizoram,ADV0009,Low,2974545,Active,Core Banking,BATCH_20260720,2026-07-20,2026-07-16 11:10:43.657249,2026-07-16 11:10:43.657249
CUST00104,Timothy,Bassi,Female,1992-09-19,tara00@example.com,+919289144721,Purnia,Sikkim,ADV0017,Medium,2928773,Active,Core Banking,BATCH_20260720,2026-07-20,2026-07-16 11:10:43.657322,2026-07-16 11:10:43.657322
CUST00105,Hritik,Swaminathan,Male,1991-11-10,fborah@example.com,+917179387055,Amritsar,Chhattisgarh,ADV0015,Low,1498430,Active,Core Banking,BATCH_20260720,2026-07-20,2026-07-16 11:10:43.657383,2026-07-16 11:10:43.657383
CUST00106,Anvi,Nair,Male,1972-08-18,sudiksha89@example.com,+917167007513,Raipur,West Bengal,ADV0011,Medium,2565562,Active,Core Banking,BATCH_20260720,2026-07-20,2026-07-16 11:10:43.657445,2026-07-16 11:10:43.657445
CUST00107,Tanveer,Sani,Male,1976-09-23,odikanori@example.com,+916594312071,Vijayanagaram,Telangana,ADV0005,Low,1906566,Active,Core Banking,BATCH_20260720,2026-07-20,2026-07-16 11:10:43.657629,2026-07-16 11:10:43.657629
CUST00108,Girish,Munshi,Male,1975-04-16,kavya27@example.org,+919034047118,Guwahati,Assam,ADV0007,Low,2040082,Active,Core Banking,BATCH_20260720,2026-07-20,2026-07-16 11:10:43.657744,2026-07-16 11:10:43.657744
CUST00109,Rachana,Char,Female,1993-09-22,kalpit80@example.net,+917421124738,Bhilai,Maharashtra,ADV0018,Medium,2043883,Active,Core Banking,BATCH_20260720,2026-07-20,2026-07-16 11:10:43.657860,2026-07-16 11:10:43.657860
CUST00110,Irya,Sampath,Male,2000-11-20,manidevika@example.com,+916888346940,Gangtok,Mizoram,ADV0014,Medium,2749806,Active,Core Banking,BATCH_20260720,2026-07-20,2026-07-16 11:10:43.657964,2026-07-16 11:10:43.657964
CUST00111,Simon,Dubey,Male,1988-08-17,hritikpalla@example.net,+919679636056,Raipur,Tripura,ADV0019,Medium,2300598,Active,Core Banking,BATCH_20260720,2026-07-20,2026-07-16 11:10:43.658061,2026-07-16 11:10:43.658061
CUST00112,Arya,Kara,Male,1997-05-10,lokeayush@example.org,+917510792572,Tirupati,Karnataka,ADV0010,Medium,2057502,Active,Core Banking,BATCH_20260720,2026-07-20,2026-07-16 11:10:43.658159,2026-07-16 11:10:43.658159
CUST00113,Indali,Ahuja,Male,1961-01-22,nandiniboase@example.org,+918096929657,Mysore,Telangana,ADV0008,Medium,2128028,Active,Core Banking,BATCH_20260720,2026-07-20,2026-07-16 11:10:43.658263,2026-07-16 11:10:43.658263
CUST00114,Tanveer,Puri,Female,1974-11-21,nakul54@example.net,+916124660666,Tezpur,Punjab,ADV0013,Medium,1995827,Active,Core Banking,BATCH_20260720,2026-07-20,2026-07-16 11:10:43.658381,2026-07-16 11:10:43.658381
CUST00115,Frado,Ben,Male,1959-07-24,bumbanita@example.com,+919609944328,Shivpuri,Punjab,ADV0015,Low,2909934,Active,Core Banking,BATCH_20260720,2026-07-20,2026-07-16 11:10:43.658497,2026-07-16 11:10:43.658497
CUST00116,Riya,Sachdeva,Male,1966-05-20,paiqushi@example.org,+919895229819,Guntakal,Meghalaya,ADV0013,High,2667231,Active,Core Banking,BATCH_20260720,2026-07-20,2026-07-16 11:10:43.658613,2026-07-16 11:10:43.658613
CUST00117,Darika,Bath,Male,1963-04-30,amblesamarth@example.com,+916360551585,Durgapur,Tripura,ADV0014,Low,2236503,Active,Core Banking,BATCH_20260720,2026-07-20,2026-07-16 11:10:43.658711,2026-07-16 11:10:43.658711
CUST00118,Aadhya,Mann,Male,1969-07-27,tankqushi@example.org,+916215970859,Nadiad,Nagaland,ADV0009,Medium,1673016,Active,Core Banking,BATCH_20260720,2026-07-20,2026-07-16 11:10:43.658817,2026-07-16 11:10:43.658817
CUST00119,Victor,Tella,Male,1982-12-11,ekbal60@example.com,+917952918745,Jaunpur,Assam,ADV0011,Medium,1890170,Active,Core Banking,BATCH_20260720,2026-07-20,2026-07-16 11:10:43.658912,2026-07-16 11:10:43.658912
CUST00120,Dhriti,Sanghvi,Female,1983-10-18,hmann@example.com,+919229857594,Anantapur,Goa,ADV0014,Medium,643539,Active,Core Banking,BATCH_20260720,2026-07-20,2026-07-16 11:10:43.659006,2026-07-16 11:10:43.659006
CUST00121,Triveni,Pathak,Female,1955-08-26,kohlirajata@example.net,+916083250566,Loni,Assam,ADV0018,Low,1767840,Active,Core Banking,BATCH_20260720,2026-07-20,2026-07-16 11:10:43.659101,2026-07-16 11:10:43.659101
CUST00122,Meghana,Mukherjee,Male,1993-10-17,gauriganguly@example.org,+918792347639,Bettiah,Mizoram,ADV0003,High,468854,Active,Core Banking,BATCH_20260720,2026-07-20,2026-07-16 11:10:43.659166,2026-07-16 11:10:43.659166
CUST00123,Rishi,Palla,Male,1970-11-26,warinderchauhan@example.org,+917062073697,Davanagere,Goa,ADV0007,Low,2906070,Active,Core Banking,BATCH_20260720,2026-07-20,2026-07-16 11:10:43.659233,2026-07-16 11:10:43.659233
CUST00124,Michael,Borra,Male,1960-10-23,wshetty@example.net,+917024542722,Buxar,Rajasthan,ADV0005,Medium,779784,Active,Core Banking,BATCH_20260720,2026-07-20,2026-07-16 11:10:43.659356,2026-07-16 11:10:43.659356
CUST00125,Ekantika,Mutti,Male,1959-04-18,singhriya@example.net,+917997305752,Panipat,Odisha,ADV0009,Medium,1003758,Active,Core Banking,BATCH_20260720,2026-07-20,2026-07-16 11:10:43.659455,2026-07-16 11:10:43.659455
CUST00126,Daksh,Pandey,Male,1979-12-18,triya70@example.org,+919340590688,Baranagar,Assam,ADV0006,Medium,753399,Active,Core Banking,BATCH_20260720,2026-07-20,2026-07-16 11:10:43.659582,2026-07-16 11:10:43.659582
CUST00127,Gautam,Tripathi,Male,1972-11-02,senguptaraghav@example.com,+919989540022,Orai,Chhattisgarh,ADV0010,High,1874151,Active,Core Banking,BATCH_20260720,2026-07-20,2026-07-16 11:10:43.659690,2026-07-16 11:10:43.659690
CUST00128,David,Seshadri,Female,1956-07-16,frado82@example.org,+919070964768,Bahraich,Manipur,ADV0007,Low,2783438,Active,Core Banking,BATCH_20260720,2026-07-20,2026-07-16 11:10:43.659756,2026-07-16 11:10:43.659756
CUST00129,Nathan,Patla,Male,1972-02-29,lila65@example.net,+916437662764,Thanjavur,Assam,ADV0010,High,2818308,Active,Core Banking,BATCH_20260720,2026-07-20,2026-07-16 11:10:43.659831,2026-07-16 11:10:43.659831
CUST00130,Forum,Chandra,Male,1982-11-25,qmander@example.net,+919419769846,Thoothukudi,Assam,ADV0019,Low,1756278,Active,Core Banking,BATCH_20260720,2026-07-20,2026-07-16 11:10:43.659930,2026-07-16 11:10:43.659930
CUST00131,Lohit,Palla,Female,1968-07-13,mdayal@example.net,+918841212515,Tirupati,Nagaland,ADV0012,Low,2422153,Active,Core Banking,BATCH_20260720,2026-07-20,2026-07-16 11:10:43.659989,2026-07-16 11:10:43.659989
CUST00132,Krisha,Narasimhan,Female,1997-09-14,sampathyashoda@example.com,+916054340558,Mirzapur,Jharkhand,ADV0014,Medium,742662,Active,Core Banking,BATCH_20260720,2026-07-20,2026-07-16 11:10:43.660055,2026-07-16 11:10:43.660055
CUST00133,Pranit,Kala,Female,1970-05-11,ohanda@example.org,+917555585773,Solapur,Jharkhand,ADV0015,High,941691,Active,Core Banking,BATCH_20260720,2026-07-20,2026-07-16 11:10:43.660113,2026-07-16 11:10:43.660113
CUST00134,Harrison,Tripathi,Female,1995-04-01,nayarkaran@example.net,+916756502473,Jamnagar,Goa,ADV0017,High,1432807,Active,Core Banking,BATCH_20260720,2026-07-20,2026-07-16 11:10:43.660181,2026-07-16 11:10:43.660181
CUST00135,Pratyush,Gandhi,Female,1992-05-14,royjanya@example.net,+917996617659,Raiganj,Punjab,ADV0014,High,2785018,Active,Core Banking,BATCH_20260720,2026-07-20,2026-07-16 11:10:43.660246,2026-07-16 11:10:43.660246
CUST00136,Bhavani,Sen,Female,1964-02-10,dayamaisingh@example.org,+917384287616,Aurangabad,Manipur,ADV0008,Low,1469909,Active,Core Banking,BATCH_20260720,2026-07-20,2026-07-16 11:10:43.660311,2026-07-16 11:10:43.660311
CUST00137,Triya,Manda,Female,1995-09-02,medwin@example.net,+917047385483,Chandrapur,Arunachal Pradesh,ADV0015,High,2859916,Active,Core Banking,BATCH_20260720,2026-07-20,2026-07-16 11:10:43.660369,2026-07-16 11:10:43.660369
CUST00138,Vasana,Prabhu,Female,1982-09-13,vartyjeet@example.com,+917444812497,Nanded,Himachal Pradesh,ADV0001,Medium,1663208,Active,Core Banking,BATCH_20260720,2026-07-20,2026-07-16 11:10:43.660429,2026-07-16 11:10:43.660429
CUST00139,Shivani,Varghese,Male,1959-01-31,ochand@example.com,+918094011037,Indore,Maharashtra,ADV0007,Medium,1383608,Active,Core Banking,BATCH_20260720,2026-07-20,2026-07-16 11:10:43.660563,2026-07-16 11:10:43.660563
CUST00140,Chatresh,Randhawa,Female,1979-08-28,libnibumb@example.com,+917201124041,Bhopal,Karnataka,ADV0020,High,1458754,Active,Core Banking,BATCH_20260720,2026-07-20,2026-07-16 11:10:43.660633,2026-07-16 11:10:43.660633
CUST00141,Hardik,Nayak,Male,1996-06-09,balvanmangat@example.com,+918218897149,Nandyal,Manipur,ADV0007,Low,1312320,Active,Core Banking,BATCH_20260720,2026-07-20,2026-07-16 11:10:43.660693,2026-07-16 11:10:43.660693
CUST00142,Abdul,Buch,Female,1951-08-22,masonwable@example.com,+918098425880,Tumkur,Haryana,ADV0018,Low,2296879,Active,Core Banking,BATCH_20260720,2026-07-20,2026-07-16 11:10:43.660754,2026-07-16 11:10:43.660754
CUST00143,Charvi,Dara,Female,1953-04-22,eshankar@example.org,+917924895021,Kavali,Nagaland,ADV0001,Low,1534113,Active,Core Banking,BATCH_20260720,2026-07-20,2026-07-16 11:10:43.660818,2026-07-16 11:10:43.660818
CUST00144,Amol,Varma,Male,1983-11-22,bishakhasanghvi@example.org,+917736889606,New Delhi,Odisha,ADV0008,Medium,2739220,Active,Core Banking,BATCH_20260720,2026-07-20,2026-07-16 11:10:43.660885,2026-07-16 11:10:43.660885
CUST00145,Omaja,Grover,Female,1989-01-26,viswanathanjalsa@example.org,+918032638323,Pali,West Bengal,ADV0018,High,1741823,Active,Core Banking,BATCH_20260720,2026-07-20,2026-07-16 11:10:43.660949,2026-07-16 11:10:43.660949
CUST00146,Upma,Bassi,Female,1987-05-29,zehaan05@example.org,+919203768294,New Delhi,Telangana,ADV0018,Medium,1775600,Active,Core Banking,BATCH_20260720,2026-07-20,2026-07-16 11:10:43.661008,2026-07-16 11:10:43.661008
CUST00147,Hemang,Natarajan,Female,1958-04-11,hamsini27@example.net,+917163577186,South Dumdum,Uttar Pradesh,ADV0010,Medium,1266946,Active,Core Banking,BATCH_20260720,2026-07-20,2026-07-16 11:10:43.661065,2026-07-16 11:10:43.661065
CUST00148,Krishna,Bhatnagar,Male,1992-01-26,sbansal@example.org,+919097892639,Kollam,Arunachal Pradesh,ADV0007,Medium,801448,Active,Core Banking,BATCH_20260720,2026-07-20,2026-07-16 11:10:43.661122,2026-07-16 11:10:43.661122
CUST00149,Diya,Mukherjee,Male,1980-06-06,ckulkarni@example.net,+916822662216,Baranagar,Kerala,ADV0007,High,2330876,Active,Core Banking,BATCH_20260720,2026-07-20,2026-07-16 11:10:43.661181,2026-07-16 11:10:43.661181
CUST00150,Champak,Narula,Female,1966-05-21,rajeshri67@example.com,+919112068867,Gaya,Meghalaya,ADV0019,High,2803121,Active,Core Banking,BATCH_20260720,2026-07-20,2026-07-16 11:10:43.661241,2026-07-16 11:10:43.661241
CUST00151,Widisha,Pillai,Female,2004-02-24,fitan61@example.com,+916431756350,Bongaigaon,Jharkhand,ADV0007,Medium,1254133,Active,Core Banking,BATCH_20260720,2026-07-20,2026-07-16 11:10:43.661306,2026-07-16 11:10:43.661306
CUST00152,Ekani,Chauhan,Female,1955-03-08,damini79@example.net,+916770695571,Rourkela,Tamil Nadu,ADV0010,Low,2540324,Active,Core Banking,BATCH_20260720,2026-07-20,2026-07-16 11:10:43.661362,2026-07-16 11:10:43.661362
CUST00153,Sachi,Panchal,Male,1976-06-21,radhika40@example.org,+917178158203,Bharatpur,Mizoram,ADV0002,Low,2620955,Active,Core Banking,BATCH_20260720,2026-07-20,2026-07-16 11:10:43.661419,2026-07-16 11:10:43.661419
CUST00154,Nathaniel,Balasubramanian,Female,1958-10-26,ibanerjee@example.org,+918995384868,Ambarnath,Kerala,ADV0005,High,2358894,Active,Core Banking,BATCH_20260720,2026-07-20,2026-07-16 11:10:43.661520,2026-07-16 11:10:43.661520
CUST00155,Leela,Bali,Male,1985-08-19,xprabhakar@example.com,+919748302739,Chapra,Chhattisgarh,ADV0001,High,1492605,Active,Core Banking,BATCH_20260720,2026-07-20,2026-07-16 11:10:43.661598,2026-07-16 11:10:43.661598
CUST00156,Jeevika,Rao,Female,1968-10-09,zaid10@example.net,+918056061866,Panchkula,Mizoram,ADV0015,Medium,1073277,Active,Core Banking,BATCH_20260720,2026-07-20,2026-07-16 11:10:43.661661,2026-07-16 11:10:43.661661
CUST00157,Lila,Dalal,Male,1965-09-20,sanaya39@example.com,+917084386400,Kollam,Bihar,ADV0016,Low,574070,Active,Core Banking,BATCH_20260720,2026-07-20,2026-07-16 11:10:43.661718,2026-07-16 11:10:43.661718
CUST00158,Krishna,Borah,Female,1976-10-03,zchahal@example.net,+918112035409,Sri Ganganagar,Tamil Nadu,ADV0003,High,2940086,Active,Core Banking,BATCH_20260720,2026-07-20,2026-07-16 11:10:43.661884,2026-07-16 11:10:43.661884
CUST00159,Dhruv,Mannan,Male,2002-03-27,owenpathak@example.net,+916651662547,Bhilai,Gujarat,ADV0005,High,1574378,Active,Core Banking,BATCH_20260720,2026-07-20,2026-07-16 11:10:43.661954,2026-07-16 11:10:43.661954
CUST00160,Liam,Khalsa,Male,1996-05-19,pateljyoti@example.com,+917065972034,Pudukkottai,Assam,ADV0004,High,2045560,Active,Core Banking,BATCH_20260720,2026-07-20,2026-07-16 11:10:43.662015,2026-07-16 11:10:43.662015
CUST00161,Dominic,More,Male,1973-08-19,avora@example.com,+919331578385,Cuttack,Karnataka,ADV0017,Medium,2189594,Active,Core Banking,BATCH_20260720,2026-07-20,2026-07-16 11:10:43.662072,2026-07-16 11:10:43.662072
CUST00162,Ethan,Sengupta,Female,1977-07-22,kabir89@example.org,+917277121963,Bhiwani,Mizoram,ADV0019,Medium,1580857,Active,Core Banking,BATCH_20260720,2026-07-20,2026-07-16 11:10:43.662129,2026-07-16 11:10:43.662129
CUST00163,Christopher,Dash,Male,1980-08-02,nitesh25@example.net,+918618344818,Sri Ganganagar,Mizoram,ADV0004,Low,2923600,Active,Core Banking,BATCH_20260720,2026-07-20,2026-07-16 11:10:43.662197,2026-07-16 11:10:43.662197
CUST00164,Bhanumati,Brar,Male,1965-01-27,jeremiah49@example.net,+917136646449,Ambala,Rajasthan,ADV0003,Low,1306067,Active,Core Banking,BATCH_20260720,2026-07-20,2026-07-16 11:10:43.662260,2026-07-16 11:10:43.662260
CUST00165,Om,Dube,Male,1960-06-19,benjamin01@example.org,+918370788647,Bhagalpur,Tripura,ADV0003,Low,311222,Active,Core Banking,BATCH_20260720,2026-07-20,2026-07-16 11:10:43.662323,2026-07-16 11:10:43.662323
CUST00166,Omaja,Balasubramanian,Female,1979-06-04,chasmum73@example.net,+917934898666,Bihar Sharif,Manipur,ADV0020,Medium,1521630,Active,Core Banking,BATCH_20260720,2026-07-20,2026-07-16 11:10:43.662381,2026-07-16 11:10:43.662381
CUST00167,Elijah,Bhasin,Male,1959-09-15,dsule@example.org,+916994182853,Medininagar,Chhattisgarh,ADV0010,High,1485806,Active,Core Banking,BATCH_20260720,2026-07-20,2026-07-16 11:10:43.662447,2026-07-16 11:10:43.662447
CUST00168,Dhriti,Nagar,Female,1993-02-14,mohini25@example.net,+916305714736,Imphal,Haryana,ADV0008,Medium,2921683,Active,Core Banking,BATCH_20260720,2026-07-20,2026-07-16 11:10:43.662566,2026-07-16 11:10:43.662566
CUST00169,Unnati,Das,Male,1966-01-19,lohitchatterjee@example.org,+917825957977,Yamunanagar,West Bengal,ADV0004,High,1242919,Active,Core Banking,BATCH_20260720,2026-07-20,2026-07-16 11:10:43.662653,2026-07-16 11:10:43.662653
CUST00170,Omya,Kothari,Male,2006-05-17,falakmunshi@example.org,+919901597465,Panchkula,Mizoram,ADV0009,Low,599514,Active,Core Banking,BATCH_20260720,2026-07-20,2026-07-16 11:10:43.662715,2026-07-16 11:10:43.662715
CUST00171,Unni,Tara,Male,2001-07-11,fbajaj@example.com,+916712632936,New Delhi,Gujarat,ADV0010,High,2687427,Active,Core Banking,BATCH_20260720,2026-07-20,2026-07-16 11:10:43.662772,2026-07-16 11:10:43.662772
CUST00172,Ira,Bava,Female,1953-06-20,ssinghal@example.net,+917886149718,Moradabad,Maharashtra,ADV0004,Medium,1575450,Active,Core Banking,BATCH_20260720,2026-07-20,2026-07-16 11:10:43.662851,2026-07-16 11:10:43.662851
CUST00173,Krish,Lalla,Female,1992-09-25,cpau@example.com,+917169288485,Jehanabad,Nagaland,ADV0017,High,2371127,Active,Core Banking,BATCH_20260720,2026-07-20,2026-07-16 11:10:43.662917,2026-07-16 11:10:43.662917
CUST00174,Robert,Patil,Female,1982-08-17,rajuyamini@example.com,+916345495128,Phagwara,Bihar,ADV0020,Low,2112059,Active,Core Banking,BATCH_20260720,2026-07-20,2026-07-16 11:10:43.662981,2026-07-16 11:10:43.662981
CUST00175,Kabir,Chatterjee,Female,1973-05-20,jasmit23@example.net,+918592930364,Orai,Arunachal Pradesh,ADV0009,Low,683052,Active,Core Banking,BATCH_20260720,2026-07-20,2026-07-16 11:10:43.663037,2026-07-16 11:10:43.663037
CUST00176,Chakradev,Barad,Male,1958-06-27,urvi87@example.org,+918896089430,Khammam,Punjab,ADV0019,High,387012,Active,Core Banking,BATCH_20260720,2026-07-20,2026-07-16 11:10:43.663095,2026-07-16 11:10:43.663095
CUST00177,Eiravati,Gaba,Female,1973-04-30,gayathri88@example.net,+918474961963,Phusro,Jharkhand,ADV0002,Low,2273423,Active,Core Banking,BATCH_20260720,2026-07-20,2026-07-16 11:10:43.663155,2026-07-16 11:10:43.663155
CUST00178,Vaishnavi,Badal,Female,1971-11-26,sahadarika@example.net,+919934502656,Kavali,Meghalaya,ADV0009,Low,2755050,Active,Core Banking,BATCH_20260720,2026-07-20,2026-07-16 11:10:43.663213,2026-07-16 11:10:43.663213
CUST00179,Alka,Kari,Female,1992-05-18,hgarde@example.net,+918726379588,Siliguri,Uttarakhand,ADV0016,Low,2271366,Active,Core Banking,BATCH_20260720,2026-07-20,2026-07-16 11:10:43.663270,2026-07-16 11:10:43.663270
CUST00180,Xavier,Balay,Female,1983-09-30,halderanirudh@example.com,+917753841726,Gurgaon,Chhattisgarh,ADV0011,Medium,738723,Active,Core Banking,BATCH_20260720,2026-07-20,2026-07-16 11:10:43.663333,2026-07-16 11:10:43.663333
CUST00181,Nitara,Jani,Male,1974-05-04,tbhatia@example.org,+917416495962,Kishanganj,Karnataka,ADV0014,High,2378147,Active,Core Banking,BATCH_20260720,2026-07-20,2026-07-16 11:10:43.663388,2026-07-16 11:10:43.663388
CUST00182,Vanya,Vora,Female,1972-05-24,triptiwalia@example.com,+918845774616,Bilaspur,Punjab,ADV0013,High,453918,Active,Core Banking,BATCH_20260720,2026-07-20,2026-07-16 11:10:43.663466,2026-07-16 11:10:43.663466
CUST00183,Veda,Handa,Female,2006-01-24,chanchal34@example.com,+916378213925,Unnao,Karnataka,ADV0011,Medium,1655908,Active,Core Banking,BATCH_20260720,2026-07-20,2026-07-16 11:10:43.663582,2026-07-16 11:10:43.663582
CUST00184,Varsha,Palla,Male,1983-01-17,bhavna19@example.net,+919318068090,Tenali,Uttarakhand,ADV0013,High,304827,Active,Core Banking,BATCH_20260720,2026-07-20,2026-07-16 11:10:43.663645,2026-07-16 11:10:43.663645
CUST00185,Hemani,Dhingra,Female,1967-05-21,farhan57@example.net,+917774884818,Nangloi Jat,Gujarat,ADV0002,Low,2474492,Active,Core Banking,BATCH_20260720,2026-07-20,2026-07-16 11:10:43.663702,2026-07-16 11:10:43.663702
CUST00186,Saksham,Yohannan,Female,1966-04-06,laksh19@example.net,+918674192109,Latur,Arunachal Pradesh,ADV0016,High,2154054,Active,Core Banking,BATCH_20260720,2026-07-20,2026-07-16 11:10:43.663758,2026-07-16 11:10:43.663758
CUST00187,Upkaar,Kaul,Male,1953-08-01,tnarayanan@example.com,+916874275988,Durgapur,Andhra Pradesh,ADV0009,High,849509,Active,Core Banking,BATCH_20260720,2026-07-20,2026-07-16 11:10:43.663825,2026-07-16 11:10:43.663825
CUST00188,Nakul,Ray,Female,1988-05-28,psood@example.org,+917881694278,Pondicherry,Jharkhand,ADV0016,Low,421087,Active,Core Banking,BATCH_20260720,2026-07-20,2026-07-16 11:10:43.663885,2026-07-16 11:10:43.663885
CUST00189,Daniel,Chakraborty,Male,1988-05-15,baljiwangill@example.com,+919048494026,Vadodara,Uttarakhand,ADV0006,Medium,2610386,Active,Core Banking,BATCH_20260720,2026-07-20,2026-07-16 11:10:43.663949,2026-07-16 11:10:43.663949
CUST00190,Mekhala,Tandon,Male,1961-05-06,baljiwan04@example.net,+918371901750,Thanjavur,Jharkhand,ADV0014,Low,1242462,Active,Core Banking,BATCH_20260720,2026-07-20,2026-07-16 11:10:43.664007,2026-07-16 11:10:43.664007
CUST00191,Suhani,Viswanathan,Male,1979-03-09,yaminisidhu@example.com,+917981903597,Gorakhpur,Karnataka,ADV0004,High,945801,Active,Core Banking,BATCH_20260720,2026-07-20,2026-07-16 11:10:43.664081,2026-07-16 11:10:43.664081
CUST00192,Nicholas,Shanker,Female,1988-02-20,akshaynazareth@example.com,+919077787850,Akola,Punjab,ADV0010,High,1446827,Active,Core Banking,BATCH_20260720,2026-07-20,2026-07-16 11:10:43.664142,2026-07-16 11:10:43.664142
CUST00193,Nidra,Sane,Female,1980-06-04,rattangirish@example.org,+919585112032,Morena,Karnataka,ADV0016,Medium,1322281,Active,Core Banking,BATCH_20260720,2026-07-20,2026-07-16 11:10:43.664206,2026-07-16 11:10:43.664206
CUST00194,Yuvraj,Ahuja,Female,1965-08-30,sanyaloke@example.com,+918367665472,Ballia,Telangana,ADV0005,Medium,1099477,Active,Core Banking,BATCH_20260720,2026-07-20,2026-07-16 11:10:43.664272,2026-07-16 11:10:43.664272
CUST00195,Advay,Lal,Male,1988-06-14,daviddani@example.com,+919710967433,Kozhikode,Madhya Pradesh,ADV0003,Medium,2040394,Active,Core Banking,BATCH_20260720,2026-07-20,2026-07-16 11:10:43.664334,2026-07-16 11:10:43.664334
CUST00196,Yadavi,Mukhopadhyay,Female,1990-07-29,jhalak93@example.org,+919383220511,Morena,Chhattisgarh,ADV0017,Medium,310759,Active,Core Banking,BATCH_20260720,2026-07-20,2026-07-16 11:10:43.664390,2026-07-16 11:10:43.664390
CUST00197,Suhani,Prakash,Female,1974-08-28,zyogi@example.net,+919118365242,Shahjahanpur,Sikkim,ADV0010,High,2732374,Active,Core Banking,BATCH_20260720,2026-07-20,2026-07-16 11:10:43.664444,2026-07-16 11:10:43.664444
CUST00198,Finn,Vora,Female,1976-06-13,faras91@example.org,+919716265973,Chapra,Nagaland,ADV0005,Medium,2558970,Active,Core Banking,BATCH_20260720,2026-07-20,2026-07-16 11:10:43.664556,2026-07-16 11:10:43.664556
CUST00199,Mason,Gala,Female,1969-07-27,rdada@example.org,+917482296058,Mysore,Mizoram,ADV0011,High,2579310,Active,Core Banking,BATCH_20260720,2026-07-20,2026-07-16 11:10:43.664619,2026-07-16 11:10:43.664619
CUST00200,Sanaya,Bhakta,Female,1976-11-01,kshan@example.org,+917955690228,Aizawl,Telangana,ADV0011,Low,1301623,Active,Core Banking,BATCH_20260720,2026-07-20,2026-07-16 11:10:43.664675,2026-07-16 11:10:43.664675
CUST00201,Anthony,Randhawa,Female,1965-04-18,kamdarelijah@example.org,+917003143045,Hapur,Tamil Nadu,ADV0014,Low,1634528,Active,Core Banking,BATCH_20260720,2026-07-20,2026-07-16 11:10:43.664734,2026-07-16 11:10:43.664734
CUST00202,Devansh,Bhasin,Female,2004-09-29,sodhiazad@example.com,+919028930672,Bokaro,Tripura,ADV0013,Medium,937975,Active,Core Banking,BATCH_20260720,2026-07-20,2026-07-16 11:10:43.664806,2026-07-16 11:10:43.664806
CUST00203,Krishna,Salvi,Female,1972-04-03,ysen@example.com,+916158998032,Panvel,Chhattisgarh,ADV0005,High,2775396,Active,Core Banking,BATCH_20260720,2026-07-20,2026-07-16 11:10:43.664869,2026-07-16 11:10:43.664869
CUST00204,Ijaya,Dani,Female,1960-11-20,iwadhwa@example.net,+919735334423,Delhi,Tripura,ADV0004,Medium,718221,Active,Core Banking,BATCH_20260720,2026-07-20,2026-07-16 11:10:43.664936,2026-07-16 11:10:43.664936
CUST00205,Arin,Misra,Female,1977-05-23,ywali@example.org,+916065917432,Jaunpur,Kerala,ADV0005,Medium,947437,Active,Core Banking,BATCH_20260720,2026-07-20,2026-07-16 11:10:43.664999,2026-07-16 11:10:43.664999
CUST00206,Mohammed,Majumdar,Male,1961-06-20,balayoni@example.net,+918016446768,New Delhi,Gujarat,ADV0009,Medium,2914139,Active,Core Banking,BATCH_20260720,2026-07-20,2026-07-16 11:10:43.665059,2026-07-16 11:10:43.665059
CUST00207,Ekalinga,Chaudhuri,Female,1984-12-26,pbava@example.net,+918791027186,Rewa,Manipur,ADV0003,Medium,2538174,Active,Core Banking,BATCH_20260720,2026-07-20,2026-07-16 11:10:43.665118,2026-07-16 11:10:43.665118
CUST00208,Vivaan,Zacharia,Female,1963-02-20,deyyahvi@example.com,+917360049298,Ramgarh,Karnataka,ADV0016,High,450571,Active,Core Banking,BATCH_20260720,2026-07-20,2026-07-16 11:10:43.665177,2026-07-16 11:10:43.665177
CUST00209,Ekani,Khalsa,Male,1968-01-15,timothysachdev@example.com,+917008330525,Ghaziabad,Nagaland,ADV0010,Low,679078,Active,Core Banking,BATCH_20260720,2026-07-20,2026-07-16 11:10:43.665237,2026-07-16 11:10:43.665237
CUST00210,Parth,Sane,Female,1982-10-11,padmanabhanlakshmi@example.net,+916422809996,Erode,Maharashtra,ADV0004,Medium,997784,Active,Core Banking,BATCH_20260720,2026-07-20,2026-07-16 11:10:43.665317,2026-07-16 11:10:43.665317
CUST00211,Manthan,Mital,Female,1972-05-16,okhosla@example.com,+919880176825,Madhyamgram,Arunachal Pradesh,ADV0001,Low,1660525,Active,Core Banking,BATCH_20260720,2026-07-20,2026-07-16 11:10:43.665379,2026-07-16 11:10:43.665379
CUST00212,Nitara,Saha,Male,1982-11-11,lipikakibe@example.com,+917260005019,Bathinda,Rajasthan,ADV0012,Medium,2106431,Active,Core Banking,BATCH_20260720,2026-07-20,2026-07-16 11:10:43.665436,2026-07-16 11:10:43.665436
CUST00213,Farhan,Sengupta,Male,1999-09-03,wasonrayaan@example.org,+917048819999,Burhanpur,Sikkim,ADV0017,Medium,2673674,Active,Core Banking,BATCH_20260720,2026-07-20,2026-07-16 11:10:43.665516,2026-07-16 11:10:43.665516
CUST00214,Balveer,Bora,Male,1961-06-14,varenyajoshi@example.com,+916730074215,Kanpur,Gujarat,ADV0006,Low,2856393,Active,Core Banking,BATCH_20260720,2026-07-20,2026-07-16 11:10:43.665585,2026-07-16 11:10:43.665585
CUST00215,Ranveer,Dalal,Female,1993-11-09,skibe@example.net,+918661635754,Sikar,Haryana,ADV0008,Medium,2745938,Active,Core Banking,BATCH_20260720,2026-07-20,2026-07-16 11:10:43.665641,2026-07-16 11:10:43.665641
CUST00216,Ekanta,Mandal,Male,1972-08-13,darika45@example.net,+916997241761,Kirari Suleman Nagar,Bihar,ADV0015,High,1365258,Active,Core Banking,BATCH_20260720,2026-07-20,2026-07-16 11:10:43.665705,2026-07-16 11:10:43.665705
CUST00217,Upasna,Nagarajan,Female,2003-07-28,dhriti60@example.net,+917096619850,Ulhasnagar,Andhra Pradesh,ADV0001,Medium,1506414,Active,Core Banking,BATCH_20260720,2026-07-20,2026-07-16 11:10:43.665769,2026-07-16 11:10:43.665769
CUST00218,Advika,Sahni,Male,1967-08-29,forumkarpe@example.com,+916317234448,Panchkula,Nagaland,ADV0015,Medium,2764454,Active,Core Banking,BATCH_20260720,2026-07-20,2026-07-16 11:10:43.665835,2026-07-16 11:10:43.665835
CUST00219,Geetika,Kurian,Female,1994-10-24,dswaminathan@example.org,+918744220825,Gulbarga,Chhattisgarh,ADV0014,High,1348987,Active,Core Banking,BATCH_20260720,2026-07-20,2026-07-16 11:10:43.665892,2026-07-16 11:10:43.665892
CUST00220,Vrinda,Gour,Female,2003-09-20,viswanathanbahadurjit@example.org,+919630552730,Chennai,Maharashtra,ADV0010,Low,1913520,Active,Core Banking,BATCH_20260720,2026-07-20,2026-07-16 11:10:43.665952,2026-07-16 11:10:43.665952
CUST00221,Laksh,Kashyap,Female,1954-06-24,adityakamdar@example.net,+916458072318,Dindigul,Arunachal Pradesh,ADV0008,Medium,2698817,Active,Core Banking,BATCH_20260720,2026-07-20,2026-07-16 11:10:43.666009,2026-07-16 11:10:43.666009
CUST00222,Vasudha,Sura,Female,1951-06-14,barora@example.net,+918468798461,Jorhat,Jharkhand,ADV0010,High,1538287,Active,Core Banking,BATCH_20260720,2026-07-20,2026-07-16 11:10:43.666069,2026-07-16 11:10:43.666069
CUST00223,Anay,Thakkar,Male,1997-09-13,ggola@example.org,+919564984187,New Delhi,Gujarat,ADV0013,Medium,333965,Active,Core Banking,BATCH_20260720,2026-07-20,2026-07-16 11:10:43.666123,2026-07-16 11:10:43.666123
CUST00224,Zayyan,Pandya,Male,1966-01-16,xbrar@example.com,+919911070030,Buxar,Haryana,ADV0020,High,2383425,Active,Core Banking,BATCH_20260720,2026-07-20,2026-07-16 11:10:43.666180,2026-07-16 11:10:43.666180
CUST00225,Upkaar,Mital,Female,1990-03-19,balaygirik@example.com,+919331782118,Burhanpur,Nagaland,ADV0008,High,1777741,Active,Core Banking,BATCH_20260720,2026-07-20,2026-07-16 11:10:43.666237,2026-07-16 11:10:43.666237
CUST00226,Vamakshi,Bhalla,Male,1987-06-21,fitantata@example.com,+918734252963,Buxar,West Bengal,ADV0007,High,1351204,Active,Core Banking,BATCH_20260720,2026-07-20,2026-07-16 11:10:43.666295,2026-07-16 11:10:43.666295
CUST00227,Girish,Wable,Male,2003-11-07,siddharthsoman@example.com,+918698305085,Aurangabad,Sikkim,ADV0004,High,465350,Active,Core Banking,BATCH_20260720,2026-07-20,2026-07-16 11:10:43.666353,2026-07-16 11:10:43.666353
CUST00228,Avni,Bali,Female,1960-12-09,amol39@example.org,+919387056244,Solapur,Jharkhand,ADV0015,Low,2730908,Active,Core Banking,BATCH_20260720,2026-07-20,2026-07-16 11:10:43.666412,2026-07-16 11:10:43.666412
CUST00229,Nicholas,Khosla,Female,1983-05-29,vzachariah@example.com,+919145461251,Vijayawada,Mizoram,ADV0005,Low,1537782,Active,Core Banking,BATCH_20260720,2026-07-20,2026-07-16 11:10:43.666473,2026-07-16 11:10:43.666473
CUST00230,Hiral,Bera,Female,1956-03-15,faqidoak@example.net,+919210405862,Khammam,Andhra Pradesh,ADV0014,Low,1142194,Active,Core Banking,BATCH_20260720,2026-07-20,2026-07-16 11:10:43.666543,2026-07-16 11:10:43.666543
CUST00231,Anjali,Seshadri,Male,1978-12-29,keya62@example.net,+919378046814,Guwahati,Tripura,ADV0018,Medium,2526556,Active,Core Banking,BATCH_20260720,2026-07-20,2026-07-16 11:10:43.666603,2026-07-16 11:10:43.666603
CUST00232,Chakrika,Koshy,Female,1991-11-25,loyalmitesh@example.com,+919566852761,Pali,Karnataka,ADV0006,Medium,2321016,Active,Core Banking,BATCH_20260720,2026-07-20,2026-07-16 11:10:43.666662,2026-07-16 11:10:43.666662
CUST00233,Jalsa,Chhabra,Female,1955-11-05,sai54@example.org,+919206447974,Chandigarh,Goa,ADV0011,Low,2264324,Active,Core Banking,BATCH_20260720,2026-07-20,2026-07-16 11:10:43.666717,2026-07-16 11:10:43.666717
CUST00234,Raagini,Sen,Male,1982-11-04,bchauhan@example.org,+916604546780,Begusarai,Assam,ADV0008,High,1966864,Active,Core Banking,BATCH_20260720,2026-07-20,2026-07-16 11:10:43.666786,2026-07-16 11:10:43.666786
CUST00235,Ekta,Rajan,Female,1951-04-03,xrama@example.org,+916387847884,Aurangabad,Mizoram,ADV0013,Low,1409219,Active,Core Banking,BATCH_20260720,2026-07-20,2026-07-16 11:10:43.666843,2026-07-16 11:10:43.666843
CUST00236,Omkaar,Rai,Male,1960-05-14,charvi47@example.org,+917953291127,Rourkela,Maharashtra,ADV0012,High,1399584,Active,Core Banking,BATCH_20260720,2026-07-20,2026-07-16 11:10:43.666901,2026-07-16 11:10:43.666901
CUST00237,Anya,Sama,Female,1967-12-04,patelzayan@example.org,+919532255403,Hindupur,Punjab,ADV0012,Low,1280720,Active,Core Banking,BATCH_20260720,2026-07-20,2026-07-16 11:10:43.666959,2026-07-16 11:10:43.666959
CUST00238,Rohan,Shankar,Female,1956-09-28,abeer65@example.net,+916107480046,Ozhukarai,Manipur,ADV0020,High,1675758,Active,Core Banking,BATCH_20260720,2026-07-20,2026-07-16 11:10:43.667014,2026-07-16 11:10:43.667014
CUST00239,Gaurika,Sani,Male,1997-11-01,charitanagi@example.net,+918781645815,Nangloi Jat,Karnataka,ADV0003,High,2247279,Active,Core Banking,BATCH_20260720,2026-07-20,2026-07-16 11:10:43.667072,2026-07-16 11:10:43.667072
CUST00240,Peter,Rao,Female,2006-09-22,vritti93@example.com,+918788462200,Parbhani,Uttarakhand,ADV0014,Low,886267,Active,Core Banking,BATCH_20260720,2026-07-20,2026-07-16 11:10:43.667129,2026-07-16 11:10:43.667129
CUST00241,Maya,Patla,Male,1957-02-21,pranitbala@example.net,+916159824875,Bhagalpur,Manipur,ADV0010,Medium,787044,Active,Core Banking,BATCH_20260720,2026-07-20,2026-07-16 11:10:43.667197,2026-07-16 11:10:43.667197
CUST00242,Bishakha,Biswas,Male,1998-01-14,itata@example.net,+917008458444,New Delhi,Himachal Pradesh,ADV0018,Low,1930098,Active,Core Banking,BATCH_20260720,2026-07-20,2026-07-16 11:10:43.667252,2026-07-16 11:10:43.667252
CUST00243,Mitesh,Sampath,Female,1996-04-21,senvarenya@example.net,+917593482331,Deoghar,Mizoram,ADV0018,Medium,2763483,Active,Core Banking,BATCH_20260720,2026-07-20,2026-07-16 11:10:43.667314,2026-07-16 11:10:43.667314
CUST00244,Omya,Bansal,Male,1996-05-26,frederick13@example.net,+919802823261,Rourkela,Rajasthan,ADV0014,High,715326,Active,Core Banking,BATCH_20260720,2026-07-20,2026-07-16 11:10:43.667374,2026-07-16 11:10:43.667374
CUST00245,Chaitanya,Ratta,Female,2006-08-12,qushi10@example.org,+918644206129,Korba,Mizoram,ADV0014,Medium,437222,Active,Core Banking,BATCH_20260720,2026-07-20,2026-07-16 11:10:43.667430,2026-07-16 11:10:43.667430
CUST00246,Zilmil,Kant,Female,1976-05-23,xsheth@example.net,+916933166190,Hapur,Andhra Pradesh,ADV0015,Medium,1290328,Active,Core Banking,BATCH_20260720,2026-07-20,2026-07-16 11:10:43.667495,2026-07-16 11:10:43.667495
CUST00247,Vasudha,Cheema,Female,1967-09-03,dalialucky@example.com,+916426724858,Tiruvottiyur,Manipur,ADV0012,High,1804387,Active,Core Banking,BATCH_20260720,2026-07-20,2026-07-16 11:10:43.667568,2026-07-16 11:10:43.667568
CUST00248,Samuel,Verma,Male,1978-07-19,cchatterjee@example.net,+917709996749,Imphal,Assam,ADV0009,Low,812374,Active,Core Banking,BATCH_20260720,2026-07-20,2026-07-16 11:10:43.667631,2026-07-16 11:10:43.667631
CUST00249,Charita,Basu,Female,1997-07-12,bajajhemal@example.net,+916393734347,Dehradun,Telangana,ADV0007,High,2982227,Active,Core Banking,BATCH_20260720,2026-07-20,2026-07-16 11:10:43.667688,2026-07-16 11:10:43.667688
CUST00250,Yagnesh,Varty,Male,1960-08-27,gangasandhu@example.com,+916217233051,Machilipatnam,Rajasthan,ADV0011,Low,828163,Active,Core Banking,BATCH_20260720,2026-07-20,2026-07-16 11:10:43.667744,2026-07-16 11:10:43.667744
CUST00251,Qarin,Grewal,Male,1987-09-08,brandhawa@example.net,+916294678352,Hospet,Odisha,ADV0018,Low,2759468,Active,Core Banking,BATCH_20260720,2026-07-20,2026-07-16 11:10:43.667807,2026-07-16 11:10:43.667807
CUST00252,Pushti,Ramachandran,Male,1950-10-18,sameshmallick@example.net,+919492035954,Gangtok,Bihar,ADV0008,Medium,918887,Active,Core Banking,BATCH_20260720,2026-07-20,2026-07-16 11:10:43.667866,2026-07-16 11:10:43.667866
CUST00253,Rachit,Pau,Male,1969-06-11,qcomar@example.net,+917190886387,Dehri,Rajasthan,ADV0005,Low,2565827,Active,Core Banking,BATCH_20260720,2026-07-20,2026-07-16 11:10:43.667925,2026-07-16 11:10:43.667925
CUST00254,Dhriti,Rama,Female,1985-12-29,pallindira@example.com,+919429590757,Bihar Sharif,Punjab,ADV0006,Low,408129,Active,Core Banking,BATCH_20260720,2026-07-20,2026-07-16 11:10:43.667993,2026-07-16 11:10:43.667993
CUST00255,Frado,Desai,Male,1968-09-13,dalajadada@example.org,+916063824611,Ajmer,Mizoram,ADV0012,Low,2769828,Active,Core Banking,BATCH_20260720,2026-07-20,2026-07-16 11:10:43.668051,2026-07-16 11:10:43.668051
CUST00256,Lipika,Sahota,Female,1985-02-17,lsampath@example.com,+916067779246,Miryalaguda,Goa,ADV0006,Medium,519777,Active,Core Banking,BATCH_20260720,2026-07-20,2026-07-16 11:10:43.668105,2026-07-16 11:10:43.668105
CUST00257,Vrishti,Mani,Male,1958-09-04,shravya90@example.com,+919185654811,Shivpuri,Chhattisgarh,ADV0014,High,776679,Active,Core Banking,BATCH_20260720,2026-07-20,2026-07-16 11:10:43.668162,2026-07-16 11:10:43.668162
CUST00258,Robert,Rajagopalan,Male,2006-06-10,rrege@example.com,+918045460840,Raiganj,Meghalaya,ADV0015,Medium,2452676,Active,Core Banking,BATCH_20260720,2026-07-20,2026-07-16 11:10:43.668216,2026-07-16 11:10:43.668216
CUST00259,Oliver,Butala,Male,1983-05-01,brindabali@example.com,+917941348507,Siwan,Jharkhand,ADV0017,Low,2879945,Active,Core Banking,BATCH_20260720,2026-07-20,2026-07-16 11:10:43.668272,2026-07-16 11:10:43.668272
CUST00260,Om,Shankar,Male,1983-05-07,hvaidya@example.net,+919123484878,Agartala,Tripura,ADV0017,Medium,2221169,Active,Core Banking,BATCH_20260720,2026-07-20,2026-07-16 11:10:43.668326,2026-07-16 11:10:43.668326
CUST00261,Jeevika,Barman,Male,1994-08-14,bkamdar@example.org,+916261243105,Bihar Sharif,West Bengal,ADV0016,Medium,2087921,Active,Core Banking,BATCH_20260720,2026-07-20,2026-07-16 11:10:43.668381,2026-07-16 11:10:43.668381
CUST00262,Bachittar,Sengupta,Male,1965-10-12,sarnajacob@example.org,+918105688676,Giridih,Tamil Nadu,ADV0015,Low,638859,Active,Core Banking,BATCH_20260720,2026-07-20,2026-07-16 11:10:43.668439,2026-07-16 11:10:43.668439
CUST00263,Indali,Sangha,Female,1960-03-01,samueljhaveri@example.org,+918612617557,Katihar,Himachal Pradesh,ADV0005,Low,829285,Active,Core Banking,BATCH_20260720,2026-07-20,2026-07-16 11:10:43.668569,2026-07-16 11:10:43.668569
CUST00264,Om,Naik,Female,2007-04-28,bimala94@example.net,+918681423225,Bhavnagar,Tripura,ADV0019,High,1663926,Active,Core Banking,BATCH_20260720,2026-07-20,2026-07-16 11:10:43.668640,2026-07-16 11:10:43.668640
CUST00265,Nisha,Bhargava,Female,2008-02-07,kevinkrish@example.org,+918565778475,Shahjahanpur,Tripura,ADV0017,Medium,2203020,Active,Core Banking,BATCH_20260720,2026-07-20,2026-07-16 11:10:43.668704,2026-07-16 11:10:43.668704
CUST00266,Maya,Suri,Female,1958-10-13,oeshi67@example.org,+916425968237,Sambhal,Mizoram,ADV0004,High,2612467,Active,Core Banking,BATCH_20260720,2026-07-20,2026-07-16 11:10:43.668761,2026-07-16 11:10:43.668761
CUST00267,Arunima,Pillay,Male,1976-11-28,lnarang@example.org,+917847136322,Berhampore,Rajasthan,ADV0015,Low,2035659,Active,Core Banking,BATCH_20260720,2026-07-20,2026-07-16 11:10:43.669018,2026-07-16 11:10:43.669018
CUST00268,Ishita,Bhatnagar,Female,1996-09-08,bkamdar@example.org,+919553738511,Agartala,Karnataka,ADV0015,Medium,2044787,Active,Core Banking,BATCH_20260720,2026-07-20,2026-07-16 11:10:43.669081,2026-07-16 11:10:43.669081
CUST00269,Bhanumati,Nazareth,Male,1982-04-13,vedhikaoza@example.net,+917342384949,Ranchi,Bihar,ADV0014,Medium,1369085,Active,Core Banking,BATCH_20260720,2026-07-20,2026-07-16 11:10:43.669139,2026-07-16 11:10:43.669139
CUST00270,Tripti,Babu,Female,1957-09-28,ridhishan@example.org,+916655579180,Panihati,Tamil Nadu,ADV0016,Low,682624,Active,Core Banking,BATCH_20260720,2026-07-20,2026-07-16 11:10:43.669209,2026-07-16 11:10:43.669209
CUST00271,Kevin,Mittal,Male,1959-10-04,girik54@example.org,+916400420225,Dehradun,Arunachal Pradesh,ADV0014,Low,1862994,Active,Core Banking,BATCH_20260720,2026-07-20,2026-07-16 11:10:43.669268,2026-07-16 11:10:43.669268
CUST00272,Meghana,Mody,Male,1992-08-24,pushtichand@example.net,+918389594115,Mumbai,Gujarat,ADV0002,High,2655464,Active,Core Banking,BATCH_20260720,2026-07-20,2026-07-16 11:10:43.669326,2026-07-16 11:10:43.669326
CUST00273,Vansha,Brahmbhatt,Female,1958-03-27,zilmilsaxena@example.org,+918877685081,Tiruvottiyur,Uttarakhand,ADV0004,Medium,1783097,Active,Core Banking,BATCH_20260720,2026-07-20,2026-07-16 11:10:43.669383,2026-07-16 11:10:43.669383
CUST00274,Jai,Sami,Female,1990-10-17,obobal@example.com,+919728427375,Kota,Bihar,ADV0002,Medium,2818302,Active,Core Banking,BATCH_20260720,2026-07-20,2026-07-16 11:10:43.669445,2026-07-16 11:10:43.669445
CUST00275,Dhriti,Pillai,Female,2001-08-20,lavanyadeol@example.net,+917510308881,Coimbatore,Mizoram,ADV0004,High,2428242,Active,Core Banking,BATCH_20260720,2026-07-20,2026-07-16 11:10:43.669503,2026-07-16 11:10:43.669503
CUST00276,Abhiram,Gala,Male,1976-01-24,maxsabharwal@example.net,+916664561034,Bellary,Assam,ADV0016,Low,753900,Active,Core Banking,BATCH_20260720,2026-07-20,2026-07-16 11:10:43.669575,2026-07-16 11:10:43.669575
CUST00277,Harish,Dey,Female,1994-03-07,bpanchal@example.com,+919630851168,Shahjahanpur,Himachal Pradesh,ADV0018,Medium,781863,Active,Core Banking,BATCH_20260720,2026-07-20,2026-07-16 11:10:43.669630,2026-07-16 11:10:43.669630
CUST00278,Frado,Kothari,Female,1982-08-20,avi43@example.net,+918465740756,Katni,Jharkhand,ADV0008,Medium,2652860,Active,Core Banking,BATCH_20260720,2026-07-20,2026-07-16 11:10:43.669691,2026-07-16 11:10:43.669691
CUST00279,Chatura,Khatri,Male,1979-03-30,khoslaxalak@example.net,+918615613239,Dehri,Andhra Pradesh,ADV0009,Low,1056719,Active,Core Banking,BATCH_20260720,2026-07-20,2026-07-16 11:10:43.669754,2026-07-16 11:10:43.669754
CUST00280,Jalsa,Nadig,Female,1958-03-12,ipau@example.net,+919018068234,Chittoor,Tripura,ADV0010,Medium,1772298,Active,Core Banking,BATCH_20260720,2026-07-20,2026-07-16 11:10:43.669822,2026-07-16 11:10:43.669822
CUST00281,Elijah,Badal,Male,1984-08-09,lalatanveer@example.org,+916779130936,Sikar,Mizoram,ADV0005,High,1981011,Active,Core Banking,BATCH_20260720,2026-07-20,2026-07-16 11:10:43.669883,2026-07-16 11:10:43.669883
CUST00282,Bhavini,Thaker,Male,1995-01-12,fratti@example.net,+916609346980,Alwar,Assam,ADV0001,Low,2525005,Active,Core Banking,BATCH_20260720,2026-07-20,2026-07-16 11:10:43.669938,2026-07-16 11:10:43.669938
CUST00283,Dayita,Brar,Male,1980-03-11,nachiketyadav@example.com,+917615742667,Dharmavaram,Rajasthan,ADV0014,Medium,1729821,Active,Core Banking,BATCH_20260720,2026-07-20,2026-07-16 11:10:43.670014,2026-07-16 11:10:43.670014
CUST00284,Dominic,Mukherjee,Male,1991-01-23,dalbirkonda@example.org,+917589365925,Bhiwandi,Manipur,ADV0010,High,1660560,Active,Core Banking,BATCH_20260720,2026-07-20,2026-07-16 11:10:43.670077,2026-07-16 11:10:43.670077
CUST00285,Christopher,More,Male,1989-03-03,jagdisharora@example.net,+919793925798,Hyderabad,Goa,ADV0002,Low,960224,Active,Core Banking,BATCH_20260720,2026-07-20,2026-07-16 11:10:43.670135,2026-07-16 11:10:43.670135
CUST00286,Watika,Palan,Male,1980-11-14,ojas52@example.net,+918894673596,Kochi,Tripura,ADV0003,Medium,2158550,Active,Core Banking,BATCH_20260720,2026-07-20,2026-07-16 11:10:43.670191,2026-07-16 11:10:43.670191
CUST00287,Ayushman,Nayak,Female,1997-05-08,devansh49@example.net,+918085901151,Mehsana,Manipur,ADV0020,Medium,2037212,Active,Core Banking,BATCH_20260720,2026-07-20,2026-07-16 11:10:43.670246,2026-07-16 11:10:43.670246
CUST00288,Yasti,Parsa,Female,1953-10-02,jhalakdugar@example.com,+916925861658,Chapra,Sikkim,ADV0017,Low,1747759,Active,Core Banking,BATCH_20260720,2026-07-20,2026-07-16 11:10:43.670304,2026-07-16 11:10:43.670304
CUST00289,Jack,Kari,Female,1993-07-03,basuadvik@example.org,+916476267947,Chittoor,Kerala,ADV0010,High,2787785,Active,Core Banking,BATCH_20260720,2026-07-20,2026-07-16 11:10:43.670360,2026-07-16 11:10:43.670360
CUST00290,Leela,Doctor,Female,1960-12-01,sainiudarsh@example.com,+918263164755,Erode,Telangana,ADV0010,Low,1224921,Active,Core Banking,BATCH_20260720,2026-07-20,2026-07-16 11:10:43.670417,2026-07-16 11:10:43.670417
CUST00291,Ekaja,Madan,Female,1998-06-12,jagdish80@example.org,+918574081104,Hazaribagh,Arunachal Pradesh,ADV0002,Low,1157412,Active,Core Banking,BATCH_20260720,2026-07-20,2026-07-16 11:10:43.670473,2026-07-16 11:10:43.670473
CUST00292,Nandini,Biswas,Female,2001-05-28,deepa51@example.net,+916907243029,Bangalore,Kerala,ADV0005,Medium,1514029,Active,Core Banking,BATCH_20260720,2026-07-20,2026-07-16 11:10:43.670556,2026-07-16 11:10:43.670556
CUST00293,Sai,Manne,Female,1983-03-29,xavier75@example.net,+916515328854,Thiruvananthapuram,Telangana,ADV0001,Medium,2106298,Active,Core Banking,BATCH_20260720,2026-07-20,2026-07-16 11:10:43.670614,2026-07-16 11:10:43.670614
CUST00294,Yatan,Dora,Male,1950-11-28,obajwa@example.net,+916554848380,Bangalore,Karnataka,ADV0013,High,1265154,Active,Core Banking,BATCH_20260720,2026-07-20,2026-07-16 11:10:43.670673,2026-07-16 11:10:43.670673
CUST00295,Aarav,Puri,Female,1999-10-13,hemang38@example.org,+916309561891,Pallavaram,Arunachal Pradesh,ADV0013,High,477428,Active,Core Banking,BATCH_20260720,2026-07-20,2026-07-16 11:10:43.670729,2026-07-16 11:10:43.670729
CUST00296,Lucky,Mammen,Female,1955-12-07,zinalsachar@example.net,+916080494302,Berhampore,Telangana,ADV0015,Low,1613071,Active,Core Banking,BATCH_20260720,2026-07-20,2026-07-16 11:10:43.670793,2026-07-16 11:10:43.670793
CUST00297,Frado,Chandran,Female,1979-11-08,lborde@example.net,+918462732890,Raebareli,Sikkim,ADV0013,High,2984948,Active,Core Banking,BATCH_20260720,2026-07-20,2026-07-16 11:10:43.670847,2026-07-16 11:10:43.670847
CUST00298,Kalpit,Khalsa,Female,1967-06-16,maya55@example.com,+917243458354,Muzaffarpur,Assam,ADV0004,Medium,387478,Active,Core Banking,BATCH_20260720,2026-07-20,2026-07-16 11:10:43.670902,2026-07-16 11:10:43.670902
CUST00299,Samaksh,Deshpande,Female,1995-10-10,dugalhitesh@example.org,+916738189691,Kirari Suleman Nagar,Karnataka,ADV0020,Medium,1817720,Active,Core Banking,BATCH_20260720,2026-07-20,2026-07-16 11:10:43.670960,2026-07-16 11:10:43.670960
CUST00300,Niharika,Dara,Male,1981-08-15,siyamorar@example.com,+917875662813,Jamshedpur,Assam,ADV0004,Low,2127359,Active,Core Banking,BATCH_20260720,2026-07-20,2026-07-16 11:10:43.671016,2026-07-16 11:10:43.671016
CUST00301,Nakul,Modi,Female,1998-06-21,kalefalak@example.org,+918250402001,Kulti,Kerala,ADV0003,Medium,1601385,Active,Core Banking,BATCH_20260720,2026-07-20,2026-07-16 11:10:43.671072,2026-07-16 11:10:43.671072
CUST00302,Meghana,Varghese,Female,1953-05-18,abha20@example.com,+916951644750,Miryalaguda,Telangana,ADV0011,Low,620358,Active,Core Banking,BATCH_20260720,2026-07-20,2026-07-16 11:10:43.671126,2026-07-16 11:10:43.671126
CUST00303,Zaid,Chandra,Male,1977-05-03,jairajarora@example.org,+918278930366,Bikaner,Gujarat,ADV0017,Low,1765386,Active,Core Banking,BATCH_20260720,2026-07-20,2026-07-16 11:10:43.671182,2026-07-16 11:10:43.671182
CUST00304,Nandini,Pradhan,Female,1990-05-05,ladfalan@example.org,+919124069454,Davanagere,Rajasthan,ADV0005,Low,731193,Active,Core Banking,BATCH_20260720,2026-07-20,2026-07-16 11:10:43.671249,2026-07-16 11:10:43.671249
CUST00305,Sachi,Dave,Male,1955-11-15,jason07@example.org,+917099375147,Chapra,Maharashtra,ADV0007,Low,2826644,Active,Core Banking,BATCH_20260720,2026-07-20,2026-07-16 11:10:43.671305,2026-07-16 11:10:43.671305
CUST00306,Megha,Taneja,Male,1952-03-31,wgera@example.org,+919265099819,Panipat,Himachal Pradesh,ADV0003,Low,2933808,Active,Core Banking,BATCH_20260720,2026-07-20,2026-07-16 11:10:43.671359,2026-07-16 11:10:43.671359
CUST00307,Sanaya,Dixit,Female,1952-07-19,chakrikatara@example.com,+917992663260,Ghaziabad,Assam,ADV0019,High,2182845,Active,Core Banking,BATCH_20260720,2026-07-20,2026-07-16 11:10:43.671416,2026-07-16 11:10:43.671416
CUST00308,Ati,Rajagopal,Female,1958-07-01,zaidbahl@example.com,+919711912062,Nangloi Jat,Nagaland,ADV0011,Low,2144498,Active,Core Banking,BATCH_20260720,2026-07-20,2026-07-16 11:10:43.671491,2026-07-16 11:10:43.671491
CUST00309,Vedhika,Padmanabhan,Male,2003-06-23,lipika42@example.org,+918014000727,Kavali,Haryana,ADV0015,High,1570120,Active,Core Banking,BATCH_20260720,2026-07-20,2026-07-16 11:10:43.671548,2026-07-16 11:10:43.671548
CUST00310,Ayushman,Mand,Female,1953-12-08,wwagle@example.net,+918540128512,Kozhikode,Bihar,ADV0002,Medium,2427925,Active,Core Banking,BATCH_20260720,2026-07-20,2026-07-16 11:10:43.671604,2026-07-16 11:10:43.671604
CUST00311,Yug,Khosla,Male,1965-12-30,kandalipika@example.com,+917333191560,Belgaum,Haryana,ADV0015,Medium,457736,Active,Core Banking,BATCH_20260720,2026-07-20,2026-07-16 11:10:43.671661,2026-07-16 11:10:43.671661
CUST00312,Eesha,Parmer,Male,2003-07-20,pandeylucky@example.net,+917583715924,Kumbakonam,Nagaland,ADV0010,Low,678730,Active,Core Banking,BATCH_20260720,2026-07-20,2026-07-16 11:10:43.671731,2026-07-16 11:10:43.671731
CUST00313,Dayamai,Gill,Female,1978-12-25,bhallaviraj@example.net,+917987331439,Jaipur,Mizoram,ADV0019,High,472061,Active,Core Banking,BATCH_20260720,2026-07-20,2026-07-16 11:10:43.672007,2026-07-16 11:10:43.672007
CUST00314,Vanya,Acharya,Female,1969-10-11,kalpitoak@example.net,+919904339835,North Dumdum,Arunachal Pradesh,ADV0019,High,1089533,Active,Core Banking,BATCH_20260720,2026-07-20,2026-07-16 11:10:43.672191,2026-07-16 11:10:43.672191
CUST00315,Anthony,Divan,Female,1984-07-24,indrajitvora@example.com,+918598480273,Dindigul,Tamil Nadu,ADV0016,High,932757,Active,Core Banking,BATCH_20260720,2026-07-20,2026-07-16 11:10:43.672293,2026-07-16 11:10:43.672293
CUST00316,Meghana,Chaudhuri,Male,1970-01-22,laban26@example.net,+917934982045,Ratlam,Goa,ADV0004,Medium,653702,Active,Core Banking,BATCH_20260720,2026-07-20,2026-07-16 11:10:43.672414,2026-07-16 11:10:43.672414
CUST00317,Ishanvi,Kapoor,Male,1989-02-20,kritikamohanty@example.net,+916168114160,Warangal,Goa,ADV0008,High,2136091,Active,Core Banking,BATCH_20260720,2026-07-20,2026-07-16 11:10:43.672535,2026-07-16 11:10:43.672535
CUST00318,Aarav,Raman,Female,1999-11-19,gopaleesha@example.net,+918250857309,Buxar,Bihar,ADV0017,High,965829,Active,Core Banking,BATCH_20260720,2026-07-20,2026-07-16 11:10:43.672622,2026-07-16 11:10:43.672622
CUST00319,Watika,Dhaliwal,Female,1969-09-29,khannaidika@example.com,+917601387070,Hubli–Dharwad,Uttarakhand,ADV0010,Medium,2014503,Active,Core Banking,BATCH_20260720,2026-07-20,2026-07-16 11:10:43.672705,2026-07-16 11:10:43.672705
CUST00320,Gautami,Sekhon,Female,1951-03-14,zaidbir@example.com,+918915843503,Moradabad,Telangana,ADV0020,Low,2946130,Active,Core Banking,BATCH_20260720,2026-07-20,2026-07-16 11:10:43.672789,2026-07-16 11:10:43.672789
CUST00321,Aarav,Bava,Female,1972-12-03,aganesan@example.com,+916283089268,Etawah,Nagaland,ADV0011,Low,2640267,Active,Core Banking,BATCH_20260720,2026-07-20,2026-07-16 11:10:43.672877,2026-07-16 11:10:43.672877
CUST00322,Keya,Chaudhuri,Female,1998-08-11,nicholasseth@example.org,+917220401982,Durg,Andhra Pradesh,ADV0009,High,2827910,Active,Core Banking,BATCH_20260720,2026-07-20,2026-07-16 11:10:43.672956,2026-07-16 11:10:43.672956
CUST00323,Eiravati,Lal,Male,2005-09-25,oommenonkar@example.com,+917431779064,Aurangabad,Nagaland,ADV0003,High,893193,Active,Core Banking,BATCH_20260720,2026-07-20,2026-07-16 11:10:43.673032,2026-07-16 11:10:43.673032
CUST00324,Girik,Nigam,Female,1984-12-28,bbalasubramanian@example.net,+917332435144,Medininagar,Maharashtra,ADV0013,Low,2795783,Active,Core Banking,BATCH_20260720,2026-07-20,2026-07-16 11:10:43.673111,2026-07-16 11:10:43.673111
CUST00325,Naksh,Bera,Male,1956-05-30,ranveerrout@example.net,+917329644079,Ichalkaranji,Jharkhand,ADV0018,Medium,2999006,Active,Core Banking,BATCH_20260720,2026-07-20,2026-07-16 11:10:43.673187,2026-07-16 11:10:43.673187
CUST00326,Wazir,Char,Female,1953-06-01,ddube@example.com,+919492602049,Purnia,Assam,ADV0005,High,2507853,Active,Core Banking,BATCH_20260720,2026-07-20,2026-07-16 11:10:43.673257,2026-07-16 11:10:43.673257
CUST00327,Chaitaly,Srinivasan,Male,1962-02-13,jhaverionkar@example.net,+918774655465,Jodhpur,Meghalaya,ADV0014,High,1817617,Active,Core Banking,BATCH_20260720,2026-07-20,2026-07-16 11:10:43.673336,2026-07-16 11:10:43.673336
CUST00328,Jack,Morar,Male,1996-01-23,qsuresh@example.com,+917557345129,Tinsukia,Madhya Pradesh,ADV0010,Low,1198389,Active,Core Banking,BATCH_20260720,2026-07-20,2026-07-16 11:10:43.673427,2026-07-16 11:10:43.673427
CUST00329,Qasim,Prabhakar,Female,2001-11-24,rachit70@example.com,+919290615870,Kirari Suleman Nagar,Himachal Pradesh,ADV0016,Low,1250190,Active,Core Banking,BATCH_20260720,2026-07-20,2026-07-16 11:10:43.673516,2026-07-16 11:10:43.673516
CUST00330,Upkaar,Luthra,Male,1983-04-07,gunbirchada@example.net,+916665484476,Hosur,Maharashtra,ADV0003,Medium,724215,Active,Core Banking,BATCH_20260720,2026-07-20,2026-07-16 11:10:43.673596,2026-07-16 11:10:43.673596
CUST00331,Utkarsh,Bhat,Male,1999-04-22,rwason@example.com,+918842964443,Fatehpur,Jharkhand,ADV0011,High,849659,Active,Core Banking,BATCH_20260720,2026-07-20,2026-07-16 11:10:43.673662,2026-07-16 11:10:43.673662
CUST00332,Farhan,Rana,Female,2002-11-25,thakkarzansi@example.net,+916662510569,Jamshedpur,Tripura,ADV0006,Low,2920351,Active,Core Banking,BATCH_20260720,2026-07-20,2026-07-16 11:10:43.673734,2026-07-16 11:10:43.673734
CUST00333,Saumya,Ghose,Male,2005-08-01,siddharthhans@example.org,+919097457395,Bhusawal,Assam,ADV0015,Low,2023265,Active,Core Banking,BATCH_20260720,2026-07-20,2026-07-16 11:10:43.673817,2026-07-16 11:10:43.673817
CUST00334,Radhika,Jaggi,Female,2008-05-19,aarnanagarajan@example.net,+918904956613,Chandigarh,Madhya Pradesh,ADV0008,Medium,2861022,Active,Core Banking,BATCH_20260720,2026-07-20,2026-07-16 11:10:43.673898,2026-07-16 11:10:43.673898
CUST00335,Mekhala,Nanda,Female,2000-03-22,yarora@example.net,+919231495430,Gorakhpur,Maharashtra,ADV0015,Low,2539805,Active,Core Banking,BATCH_20260720,2026-07-20,2026-07-16 11:10:43.673968,2026-07-16 11:10:43.673968
CUST00336,Mason,Divan,Male,1983-05-27,cherianharrison@example.com,+917329154472,Bulandshahr,Himachal Pradesh,ADV0016,Low,1842836,Active,Core Banking,BATCH_20260720,2026-07-20,2026-07-16 11:10:43.674042,2026-07-16 11:10:43.674042
CUST00337,Leela,Sunder,Female,1983-09-19,lbarad@example.com,+917982900391,Asansol,Punjab,ADV0010,Medium,2409343,Active,Core Banking,BATCH_20260720,2026-07-20,2026-07-16 11:10:43.674121,2026-07-16 11:10:43.674121
CUST00338,Neelima,Barad,Female,1973-06-29,wazir07@example.com,+916696034559,Jaipur,Karnataka,ADV0007,High,880485,Active,Core Banking,BATCH_20260720,2026-07-20,2026-07-16 11:10:43.674192,2026-07-16 11:10:43.674192
CUST00339,Chavvi,Mukhopadhyay,Female,1966-10-19,ochaudhari@example.org,+916224110541,Mango,Tripura,ADV0016,Medium,2625912,Active,Core Banking,BATCH_20260720,2026-07-20,2026-07-16 11:10:43.674261,2026-07-16 11:10:43.674261
CUST00340,Ekani,Luthra,Male,1992-10-22,guhariya@example.org,+919055443931,Shivpuri,Tripura,ADV0017,Low,1495640,Active,Core Banking,BATCH_20260720,2026-07-20,2026-07-16 11:10:43.674333,2026-07-16 11:10:43.674333
CUST00341,Zaitra,Prakash,Male,1998-02-27,dominicmukhopadhyay@example.net,+919277561834,Bhavnagar,Tripura,ADV0006,Medium,2184581,Active,Core Banking,BATCH_20260720,2026-07-20,2026-07-16 11:10:43.674410,2026-07-16 11:10:43.674410
CUST00342,Ayush,Ghose,Male,1961-09-19,dalbirkrish@example.org,+919569318475,Dhanbad,Kerala,ADV0014,Low,1231294,Active,Core Banking,BATCH_20260720,2026-07-20,2026-07-16 11:10:43.674507,2026-07-16 11:10:43.674507
CUST00343,Rushil,Mahal,Female,1971-11-26,ztiwari@example.net,+919799455941,Ludhiana,Haryana,ADV0012,Low,2040203,Active,Core Banking,BATCH_20260720,2026-07-20,2026-07-16 11:10:43.674574,2026-07-16 11:10:43.674574
CUST00344,Kashish,Suresh,Male,1984-12-28,urvipalla@example.com,+917702756809,Rampur,Telangana,ADV0017,Medium,1288924,Active,Core Banking,BATCH_20260720,2026-07-20,2026-07-16 11:10:43.674648,2026-07-16 11:10:43.674648
CUST00345,Gautam,Mane,Female,1952-02-17,gabatanish@example.org,+916350492684,Tiruppur,Himachal Pradesh,ADV0012,Low,418227,Active,Core Banking,BATCH_20260720,2026-07-20,2026-07-16 11:10:43.674719,2026-07-16 11:10:43.674719
CUST00346,Nimrat,Varghese,Female,1951-09-13,somkevin@example.net,+919997866845,Ghaziabad,Uttar Pradesh,ADV0004,High,1706309,Active,Core Banking,BATCH_20260720,2026-07-20,2026-07-16 11:10:43.674788,2026-07-16 11:10:43.674788
CUST00347,Abhiram,Kapur,Male,1965-03-05,anvi66@example.com,+916590985753,Nizamabad,Gujarat,ADV0002,Medium,2281619,Active,Core Banking,BATCH_20260720,2026-07-20,2026-07-16 11:10:43.674864,2026-07-16 11:10:43.674864
CUST00348,Unnati,Mittal,Male,1989-10-25,achaudry@example.net,+919259197927,Kishanganj,Rajasthan,ADV0016,Medium,2880957,Active,Core Banking,BATCH_20260720,2026-07-20,2026-07-16 11:10:43.674932,2026-07-16 11:10:43.674932
CUST00349,Barkha,Misra,Male,1990-03-27,vbhatt@example.com,+919890628295,Bally,Himachal Pradesh,ADV0003,Low,1373422,Active,Core Banking,BATCH_20260720,2026-07-20,2026-07-16 11:10:43.674999,2026-07-16 11:10:43.674999
CUST00350,Chanchal,Guha,Male,1959-03-27,daksheshraval@example.net,+919586139213,Kolhapur,Telangana,ADV0005,High,2853828,Active,Core Banking,BATCH_20260720,2026-07-20,2026-07-16 11:10:43.675067,2026-07-16 11:10:43.675067
CUST00351,Atharv,Tank,Female,2008-05-23,omya66@example.net,+916477543926,Ballia,Tamil Nadu,ADV0010,Low,1563119,Active,Core Banking,BATCH_20260720,2026-07-20,2026-07-16 11:10:43.675133,2026-07-16 11:10:43.675133
CUST00352,Ranveer,Oza,Male,1992-09-04,vamakshiparmer@example.net,+916205082311,Tirunelveli,Uttarakhand,ADV0008,Medium,2979957,Active,Core Banking,BATCH_20260720,2026-07-20,2026-07-16 11:10:43.675208,2026-07-16 11:10:43.675208
CUST00353,Pratyush,Memon,Female,1956-03-13,aarnagoswami@example.net,+916269754673,Hubli–Dharwad,Haryana,ADV0004,Medium,2802904,Active,Core Banking,BATCH_20260720,2026-07-20,2026-07-16 11:10:43.675282,2026-07-16 11:10:43.675282
CUST00354,Isha,Kapoor,Male,1993-09-14,osha55@example.com,+918714225802,Madhyamgram,West Bengal,ADV0017,High,1314762,Active,Core Banking,BATCH_20260720,2026-07-20,2026-07-16 11:10:43.675362,2026-07-16 11:10:43.675362
CUST00355,Jacob,Singhal,Male,1953-08-26,sodhirobert@example.net,+917251003660,Eluru,Mizoram,ADV0014,Low,2878698,Active,Core Banking,BATCH_20260720,2026-07-20,2026-07-16 11:10:43.675431,2026-07-16 11:10:43.675431
CUST00356,Chanchal,Sachdev,Female,1953-09-03,lakshiyer@example.com,+917033215551,Jehanabad,Manipur,ADV0019,Medium,1085651,Active,Core Banking,BATCH_20260720,2026-07-20,2026-07-16 11:10:43.675514,2026-07-16 11:10:43.675514
CUST00357,Luke,Mutti,Male,2000-07-22,farissura@example.com,+918248349034,Satara,Rajasthan,ADV0012,Low,2506453,Active,Core Banking,BATCH_20260720,2026-07-20,2026-07-16 11:10:43.675586,2026-07-16 11:10:43.675586
CUST00358,Dalbir,Agrawal,Male,1976-10-03,omdutt@example.com,+917676986013,Bikaner,Punjab,ADV0016,Low,2966196,Active,Core Banking,BATCH_20260720,2026-07-20,2026-07-16 11:10:43.675651,2026-07-16 11:10:43.675651
CUST00359,Radha,Sanghvi,Female,1973-12-07,arajagopal@example.org,+917603321558,Dindigul,Andhra Pradesh,ADV0009,High,368124,Active,Core Banking,BATCH_20260720,2026-07-20,2026-07-16 11:10:43.675726,2026-07-16 11:10:43.675726
CUST00360,Ekanta,Wali,Female,1961-08-04,kothariupkaar@example.net,+919386667704,Bijapur,Chhattisgarh,ADV0003,Medium,1311355,Active,Core Banking,BATCH_20260720,2026-07-20,2026-07-16 11:10:43.675801,2026-07-16 11:10:43.675801
CUST00361,Harshil,Rajagopal,Male,1979-09-25,oliver10@example.com,+919313573165,Sirsa,Telangana,ADV0019,High,1694684,Active,Core Banking,BATCH_20260720,2026-07-20,2026-07-16 11:10:43.675868,2026-07-16 11:10:43.675868
CUST00362,Zinal,Viswanathan,Male,1970-02-18,hemasuri@example.com,+916190420322,Dehradun,Uttar Pradesh,ADV0012,High,1719970,Active,Core Banking,BATCH_20260720,2026-07-20,2026-07-16 11:10:43.675959,2026-07-16 11:10:43.675959
CUST00363,Netra,Bahl,Male,1963-10-15,siddharthbains@example.net,+919566470640,Amravati,Kerala,ADV0015,High,2307105,Active,Core Banking,BATCH_20260720,2026-07-20,2026-07-16 11:10:43.676031,2026-07-16 11:10:43.676031
CUST00364,Baljiwan,Prashad,Male,2001-05-18,chanakya90@example.net,+919485356009,Jaipur,Arunachal Pradesh,ADV0005,Low,2219647,Active,Core Banking,BATCH_20260720,2026-07-20,2026-07-16 11:10:43.676142,2026-07-16 11:10:43.676142
CUST00365,Jack,Saha,Male,1976-04-22,krishnanurvi@example.net,+917260326267,Tiruppur,Tamil Nadu,ADV0007,Low,1136637,Active,Core Banking,BATCH_20260720,2026-07-20,2026-07-16 11:10:43.676212,2026-07-16 11:10:43.676212
CUST00366,Aditya,Mitra,Male,1974-12-13,venkateshanamika@example.net,+917355473709,Gurgaon,Uttarakhand,ADV0010,High,1970272,Active,Core Banking,BATCH_20260720,2026-07-20,2026-07-16 11:10:43.676278,2026-07-16 11:10:43.676278
CUST00367,Henry,Vaidya,Female,1992-03-24,mandalishaan@example.org,+917087974350,Davanagere,Punjab,ADV0002,High,1101545,Active,Core Banking,BATCH_20260720,2026-07-20,2026-07-16 11:10:43.676342,2026-07-16 11:10:43.676342
CUST00368,Ryan,Lall,Female,1998-10-07,ishitarout@example.com,+917533192415,Thane,Nagaland,ADV0002,High,1692193,Active,Core Banking,BATCH_20260720,2026-07-20,2026-07-16 11:10:43.676407,2026-07-16 11:10:43.676407
CUST00369,Watika,Johal,Female,1990-06-15,pnarayanan@example.org,+916534616074,Hubli–Dharwad,Bihar,ADV0012,Medium,1977812,Active,Core Banking,BATCH_20260720,2026-07-20,2026-07-16 11:10:43.676470,2026-07-16 11:10:43.676470
CUST00370,Wakeeta,Dixit,Female,2005-08-10,chaudhuriaahana@example.net,+919842438768,Sirsa,Jharkhand,ADV0013,Medium,1083568,Active,Core Banking,BATCH_20260720,2026-07-20,2026-07-16 11:10:43.676559,2026-07-16 11:10:43.676559
CUST00371,Aishani,Shetty,Female,1953-06-10,balveermannan@example.com,+918972411520,Purnia,Telangana,ADV0016,Medium,2478000,Active,Core Banking,BATCH_20260720,2026-07-20,2026-07-16 11:10:43.676626,2026-07-16 11:10:43.676626
CUST00372,Jack,Chandran,Female,1999-11-29,andralakshit@example.net,+919440904834,Ozhukarai,Kerala,ADV0003,High,2080480,Active,Core Banking,BATCH_20260720,2026-07-20,2026-07-16 11:10:43.676692,2026-07-16 11:10:43.676692
CUST00373,Raksha,Loyal,Male,2001-06-28,pradhanhema@example.org,+917849443634,Rewa,Madhya Pradesh,ADV0020,Low,2587885,Active,Core Banking,BATCH_20260720,2026-07-20,2026-07-16 11:10:43.676765,2026-07-16 11:10:43.676765
CUST00374,Tanmayi,Magar,Female,1999-01-04,psama@example.org,+917379592595,Mira-Bhayandar,Tamil Nadu,ADV0004,Low,1675395,Active,Core Banking,BATCH_20260720,2026-07-20,2026-07-16 11:10:43.676844,2026-07-16 11:10:43.676844
CUST00375,Daniel,Dutta,Female,1956-07-21,lsarma@example.net,+917316389690,Secunderabad,Punjab,ADV0015,High,2087260,Active,Core Banking,BATCH_20260720,2026-07-20,2026-07-16 11:10:43.676936,2026-07-16 11:10:43.676936
CUST00376,Ayush,De,Male,1978-07-23,achowdhury@example.com,+918962517290,Rajkot,Himachal Pradesh,ADV0015,Medium,2175397,Active,Core Banking,BATCH_20260720,2026-07-20,2026-07-16 11:10:43.677008,2026-07-16 11:10:43.677008
CUST00377,Dipta,Arora,Male,1991-05-28,hamsinivenkataraman@example.net,+919121644055,Bhiwani,Sikkim,ADV0012,High,2124272,Active,Core Banking,BATCH_20260720,2026-07-20,2026-07-16 11:10:43.677077,2026-07-16 11:10:43.677077
CUST00378,Yuvraj,Subramaniam,Female,1970-08-04,jdixit@example.net,+918746499773,Hyderabad,Rajasthan,ADV0002,Low,2973921,Active,Core Banking,BATCH_20260720,2026-07-20,2026-07-16 11:10:43.677141,2026-07-16 11:10:43.677141
CUST00379,Naksh,Tiwari,Female,1999-10-09,egandhi@example.com,+917560409439,New Delhi,Karnataka,ADV0017,High,971032,Active,Core Banking,BATCH_20260720,2026-07-20,2026-07-16 11:10:43.677205,2026-07-16 11:10:43.677205
CUST00380,Arunima,Bedi,Male,1979-12-10,prau@example.org,+916613233132,Raiganj,Uttar Pradesh,ADV0020,High,2137830,Active,Core Banking,BATCH_20260720,2026-07-20,2026-07-16 11:10:43.677266,2026-07-16 11:10:43.677266
CUST00381,Sara,Chakrabarti,Male,2000-03-21,hmutti@example.com,+916542153826,Kota,Madhya Pradesh,ADV0003,Low,1836492,Active,Core Banking,BATCH_20260720,2026-07-20,2026-07-16 11:10:43.677328,2026-07-16 11:10:43.677328
CUST00382,Nitara,Banik,Female,1982-11-07,chanddaksha@example.net,+917644347110,Sirsa,Karnataka,ADV0019,Low,2837951,Active,Core Banking,BATCH_20260720,2026-07-20,2026-07-16 11:10:43.677394,2026-07-16 11:10:43.677394
CUST00383,Januja,Bhagat,Male,1997-11-25,jnarula@example.net,+918916549321,Bharatpur,Tamil Nadu,ADV0015,Medium,1860337,Active,Core Banking,BATCH_20260720,2026-07-20,2026-07-16 11:10:43.677464,2026-07-16 11:10:43.677464
CUST00384,Sneha,Comar,Female,1956-03-10,aarnavom@example.com,+919277422858,Motihari,Mizoram,ADV0003,High,877535,Active,Core Banking,BATCH_20260720,2026-07-20,2026-07-16 11:10:43.677650,2026-07-16 11:10:43.677650
CUST00385,Kashvi,Cherian,Female,1953-03-11,waidadey@example.net,+917709543220,Aligarh,Himachal Pradesh,ADV0011,High,1468909,Active,Core Banking,BATCH_20260720,2026-07-20,2026-07-16 11:10:43.677730,2026-07-16 11:10:43.677730
CUST00386,Rohan,Guha,Male,1957-07-16,dkale@example.org,+916487258103,Moradabad,Tripura,ADV0001,High,1080342,Active,Core Banking,BATCH_20260720,2026-07-20,2026-07-16 11:10:43.677803,2026-07-16 11:10:43.677803
CUST00387,Oeshi,Batra,Female,2004-04-13,seshadritanvi@example.net,+918223699008,Panchkula,Andhra Pradesh,ADV0013,High,793925,Active,Core Banking,BATCH_20260720,2026-07-20,2026-07-16 11:10:43.677872,2026-07-16 11:10:43.677872
CUST00388,Chanakya,Sant,Female,1999-03-11,xtrivedi@example.org,+919328447109,Warangal,Bihar,ADV0009,High,2171805,Active,Core Banking,BATCH_20260720,2026-07-20,2026-07-16 11:10:43.677936,2026-07-16 11:10:43.677936
CUST00389,Lila,Nagy,Male,1979-10-11,msahota@example.net,+918627992499,Panipat,Madhya Pradesh,ADV0010,High,2360242,Active,Core Banking,BATCH_20260720,2026-07-20,2026-07-16 11:10:43.677998,2026-07-16 11:10:43.677998
CUST00390,Hemal,Menon,Male,1976-10-20,lakshitsachar@example.net,+916526723719,Motihari,West Bengal,ADV0005,Low,2196004,Active,Core Banking,BATCH_20260720,2026-07-20,2026-07-16 11:10:43.678068,2026-07-16 11:10:43.678068
CUST00391,Dipta,Kalla,Male,1962-03-10,hemani22@example.net,+919859797024,Bhiwandi,Tripura,ADV0015,Low,1640448,Active,Core Banking,BATCH_20260720,2026-07-20,2026-07-16 11:10:43.678134,2026-07-16 11:10:43.678134
CUST00392,Indira,Srinivasan,Female,1984-05-04,swalla@example.com,+919047453184,Nagaon,Bihar,ADV0003,High,2574031,Active,Core Banking,BATCH_20260720,2026-07-20,2026-07-16 11:10:43.678196,2026-07-16 11:10:43.678196
CUST00393,Aryan,Raj,Female,1958-12-19,iyengaramara@example.org,+919828240439,Chandrapur,Chhattisgarh,ADV0010,Low,2974707,Active,Core Banking,BATCH_20260720,2026-07-20,2026-07-16 11:10:43.678262,2026-07-16 11:10:43.678262
CUST00394,David,Merchant,Male,1962-05-15,parmersneha@example.org,+919408900003,Kishanganj,Madhya Pradesh,ADV0012,High,1240537,Active,Core Banking,BATCH_20260720,2026-07-20,2026-07-16 11:10:43.678337,2026-07-16 11:10:43.678337
CUST00395,Wazir,Vaidya,Male,1996-01-11,champak66@example.com,+916863204110,Suryapet,Arunachal Pradesh,ADV0005,Low,2372078,Active,Core Banking,BATCH_20260720,2026-07-20,2026-07-16 11:10:43.678411,2026-07-16 11:10:43.678411
CUST00396,Agastya,Krishnamurthy,Male,1962-04-26,okar@example.net,+917550038771,Giridih,Nagaland,ADV0018,High,1847325,Active,Core Banking,BATCH_20260720,2026-07-20,2026-07-16 11:10:43.678474,2026-07-16 11:10:43.678474
CUST00397,Ronith,Hari,Female,1967-08-08,falangrover@example.org,+919451700819,Burhanpur,Arunachal Pradesh,ADV0018,Low,2866697,Active,Core Banking,BATCH_20260720,2026-07-20,2026-07-16 11:10:43.678556,2026-07-16 11:10:43.678556
CUST00398,Priya,Mallick,Male,1982-10-27,naveenkumer@example.org,+916282385977,Kirari Suleman Nagar,Tamil Nadu,ADV0010,Medium,2307666,Active,Core Banking,BATCH_20260720,2026-07-20,2026-07-16 11:10:43.678621,2026-07-16 11:10:43.678621
CUST00399,Mohammed,Baral,Female,1959-06-15,charan94@example.com,+919303536605,Srinagar,Uttar Pradesh,ADV0014,High,609332,Active,Core Banking,BATCH_20260720,2026-07-20,2026-07-16 11:10:43.678684,2026-07-16 11:10:43.678684
CUST00400,Eesha,Vora,Male,1963-04-18,ekanshtiwari@example.org,+917361623473,Tinsukia,Nagaland,ADV0003,Medium,2253846,Active,Core Banking,BATCH_20260720,2026-07-20,2026-07-16 11:10:43.678749,2026-07-16 11:10:43.678749
CUST00401,Netra,Chanda,Female,1970-10-21,garimanarula@example.com,+916551192946,Bellary,Tripura,ADV0018,High,2765353,Active,Core Banking,BATCH_20260720,2026-07-20,2026-07-16 11:10:43.678823,2026-07-16 11:10:43.678823
CUST00402,Vaishnavi,Andra,Male,1957-03-11,sanaya39@example.net,+919297597008,Thane,Sikkim,ADV0005,Medium,2409163,Active,Core Banking,BATCH_20260720,2026-07-20,2026-07-16 11:10:43.678890,2026-07-16 11:10:43.678890
CUST00403,Ekani,Raj,Male,2003-08-31,rajuaahana@example.net,+919570796341,Nagpur,Mizoram,ADV0004,High,941793,Active,Core Banking,BATCH_20260720,2026-07-20,2026-07-16 11:10:43.678961,2026-07-16 11:10:43.678961
CUST00404,Kavya,Varkey,Female,1997-02-06,csur@example.com,+916707196784,Pondicherry,Mizoram,ADV0006,Medium,1245690,Active,Core Banking,BATCH_20260720,2026-07-20,2026-07-16 11:10:43.679036,2026-07-16 11:10:43.679036
CUST00405,Fitan,Char,Female,1960-03-31,bhattishivansh@example.net,+918228649039,Khandwa,Uttarakhand,ADV0010,Low,1351114,Active,Core Banking,BATCH_20260720,2026-07-20,2026-07-16 11:10:43.679108,2026-07-16 11:10:43.679108
CUST00406,Hemang,Jha,Male,1981-09-23,vbora@example.net,+918727549434,Nagpur,Manipur,ADV0018,Medium,825002,Active,Core Banking,BATCH_20260720,2026-07-20,2026-07-16 11:10:43.679173,2026-07-16 11:10:43.679173
CUST00407,Garima,Barad,Female,1955-08-13,gokhalezayan@example.net,+918638949369,Ramgarh,Uttarakhand,ADV0018,Low,2407944,Active,Core Banking,BATCH_20260720,2026-07-20,2026-07-16 11:10:43.679237,2026-07-16 11:10:43.679237
CUST00408,Vedant,Kuruvilla,Male,1974-03-07,bravel@example.com,+918541797909,Pali,Sikkim,ADV0019,Low,1018067,Active,Core Banking,BATCH_20260720,2026-07-20,2026-07-16 11:10:43.679298,2026-07-16 11:10:43.679298
CUST00409,Jagat,Warrior,Female,1950-11-17,bathelijah@example.com,+919618638812,Ramagundam,Uttar Pradesh,ADV0019,Low,419007,Active,Core Banking,BATCH_20260720,2026-07-20,2026-07-16 11:10:43.679362,2026-07-16 11:10:43.679362
CUST00410,Charvi,Chadha,Male,1966-11-12,zraj@example.net,+916195256953,Bhalswa Jahangir Pur,Goa,ADV0019,Medium,1184194,Active,Core Banking,BATCH_20260720,2026-07-20,2026-07-16 11:10:43.679424,2026-07-16 11:10:43.679424
CUST00411,Thomas,Deshpande,Female,1993-11-06,maanas45@example.org,+918654755464,Amravati,Arunachal Pradesh,ADV0001,Medium,2930516,Active,Core Banking,BATCH_20260720,2026-07-20,2026-07-16 11:10:43.679501,2026-07-16 11:10:43.679501
CUST00412,Abdul,Ramesh,Female,1981-09-10,modyshivansh@example.net,+918756970807,Rajpur Sonarpur,Maharashtra,ADV0010,Medium,1327092,Active,Core Banking,BATCH_20260720,2026-07-20,2026-07-16 11:10:43.679567,2026-07-16 11:10:43.679567
CUST00413,Yauvani,Dhar,Female,1959-11-15,zayyanhari@example.org,+917277468755,Tezpur,West Bengal,ADV0015,Low,551293,Active,Core Banking,BATCH_20260720,2026-07-20,2026-07-16 11:10:43.679631,2026-07-16 11:10:43.679631
CUST00414,Chatura,Shenoy,Male,1987-12-06,mannanekalinga@example.com,+917888091245,Davanagere,Telangana,ADV0014,Medium,2248011,Active,Core Banking,BATCH_20260720,2026-07-20,2026-07-16 11:10:43.679701,2026-07-16 11:10:43.679701
CUST00415,Vidhi,Narayanan,Male,1971-04-02,harishmane@example.net,+917461115950,Jammu,Karnataka,ADV0020,Low,1611066,Active,Core Banking,BATCH_20260720,2026-07-20,2026-07-16 11:10:43.679773,2026-07-16 11:10:43.679773
CUST00416,Vedika,Seshadri,Female,1969-08-01,michael99@example.com,+919153363918,Haldia,Goa,ADV0012,Medium,848472,Active,Core Banking,BATCH_20260720,2026-07-20,2026-07-16 11:10:43.679851,2026-07-16 11:10:43.679851
CUST00417,Aayush,Munshi,Female,1964-10-25,rajatamalhotra@example.com,+918211822827,Bathinda,Meghalaya,ADV0018,Low,1638469,Active,Core Banking,BATCH_20260720,2026-07-20,2026-07-16 11:10:43.679920,2026-07-16 11:10:43.679920
CUST00418,Turvi,Sehgal,Male,1971-05-06,vidhi81@example.org,+918003484425,Parbhani,West Bengal,ADV0004,Medium,2185742,Active,Core Banking,BATCH_20260720,2026-07-20,2026-07-16 11:10:43.679982,2026-07-16 11:10:43.679982
CUST00419,Logan,Yohannan,Male,1961-12-06,borraanirudh@example.net,+916605064858,Amaravati,Odisha,ADV0004,Low,1517237,Active,Core Banking,BATCH_20260720,2026-07-20,2026-07-16 11:10:43.680047,2026-07-16 11:10:43.680047
CUST00420,Nidhi,Kala,Female,2003-02-08,urmi25@example.com,+919711555475,Giridih,Telangana,ADV0020,Medium,1341321,Active,Core Banking,BATCH_20260720,2026-07-20,2026-07-16 11:10:43.680109,2026-07-16 11:10:43.680109
CUST00421,Bina,Desai,Male,1977-06-28,ranganathanjanuja@example.net,+919493860743,Mathura,West Bengal,ADV0011,High,1611621,Active,Core Banking,BATCH_20260720,2026-07-20,2026-07-16 11:10:43.680175,2026-07-16 11:10:43.680175
CUST00422,Noah,Varkey,Male,1958-09-05,praneeldhingra@example.net,+919277581356,Secunderabad,Arunachal Pradesh,ADV0006,Medium,2458912,Active,Core Banking,BATCH_20260720,2026-07-20,2026-07-16 11:10:43.680249,2026-07-16 11:10:43.680249
CUST00423,Theodore,Sura,Female,1963-12-24,kala30@example.net,+918142156616,Kadapa,Uttar Pradesh,ADV0010,Medium,397208,Active,Core Banking,BATCH_20260720,2026-07-20,2026-07-16 11:10:43.680317,2026-07-16 11:10:43.680317
CUST00424,Jalsa,Rama,Male,1977-10-12,cbatra@example.net,+917688962331,Kota,Tamil Nadu,ADV0017,Medium,1309689,Active,Core Banking,BATCH_20260720,2026-07-20,2026-07-16 11:10:43.680407,2026-07-16 11:10:43.680407
CUST00425,Anusha,Lall,Male,1984-02-06,krisharadhakrishnan@example.com,+918505443885,Hazaribagh,Himachal Pradesh,ADV0012,Low,511981,Active,Core Banking,BATCH_20260720,2026-07-20,2026-07-16 11:10:43.680483,2026-07-16 11:10:43.680483
CUST00426,Krisha,Kapoor,Female,1980-06-27,hemani77@example.net,+918125554417,Orai,Chhattisgarh,ADV0020,High,2273784,Active,Core Banking,BATCH_20260720,2026-07-20,2026-07-16 11:10:43.680563,2026-07-16 11:10:43.680563
CUST00427,Ria,Gandhi,Female,1963-11-17,siddharth22@example.org,+918305069227,Madanapalle,Tamil Nadu,ADV0001,Low,2107442,Active,Core Banking,BATCH_20260720,2026-07-20,2026-07-16 11:10:43.680636,2026-07-16 11:10:43.680636
CUST00428,Jagat,Karpe,Male,1974-08-02,ishaan77@example.com,+919790118526,Gudivada,Goa,ADV0009,High,1834182,Active,Core Banking,BATCH_20260720,2026-07-20,2026-07-16 11:10:43.680706,2026-07-16 11:10:43.680706
CUST00429,Nirja,Bains,Female,1964-09-02,naveendesai@example.net,+917571688961,Chapra,Chhattisgarh,ADV0002,Medium,514570,Active,Core Banking,BATCH_20260720,2026-07-20,2026-07-16 11:10:43.680772,2026-07-16 11:10:43.680772
CUST00430,Daksh,Ganesan,Male,1965-07-08,zansiravi@example.net,+917557027753,Anantapuram,Assam,ADV0018,Medium,608414,Active,Core Banking,BATCH_20260720,2026-07-20,2026-07-16 11:10:43.680854,2026-07-16 11:10:43.680854
CUST00431,Tarak,Sen,Female,1985-09-19,ksubramaniam@example.org,+918165761020,Ghaziabad,Chhattisgarh,ADV0015,High,1473233,Active,Core Banking,BATCH_20260720,2026-07-20,2026-07-16 11:10:43.680919,2026-07-16 11:10:43.680919
CUST00432,Qabil,Vaidya,Male,1965-11-17,sudiksha99@example.org,+916552605034,Burhanpur,Madhya Pradesh,ADV0004,Medium,1865307,Active,Core Banking,BATCH_20260720,2026-07-20,2026-07-16 11:10:43.680990,2026-07-16 11:10:43.680990
CUST00433,Kevin,Chopra,Female,1951-07-01,mdoctor@example.org,+918395869480,Fatehpur,Punjab,ADV0012,Low,1134909,Active,Core Banking,BATCH_20260720,2026-07-20,2026-07-16 11:10:43.681052,2026-07-16 11:10:43.681052
CUST00434,Balvan,Wali,Female,1979-09-25,chandervasatika@example.net,+918147818256,Madanapalle,Nagaland,ADV0002,Low,463217,Active,Core Banking,BATCH_20260720,2026-07-20,2026-07-16 11:10:43.681130,2026-07-16 11:10:43.681130
CUST00435,Aarav,Sankar,Male,1980-10-25,caleb86@example.org,+919064853643,Eluru,Kerala,ADV0011,Medium,2478239,Active,Core Banking,BATCH_20260720,2026-07-20,2026-07-16 11:10:43.681195,2026-07-16 11:10:43.681195
CUST00436,Guneet,Sandal,Female,1958-04-21,fkaul@example.com,+916639695273,Bardhaman,Gujarat,ADV0020,High,886283,Active,Core Banking,BATCH_20260720,2026-07-20,2026-07-16 11:10:43.681258,2026-07-16 11:10:43.681258
CUST00437,Abdul,Amble,Female,1984-01-23,venkateshabhimanyu@example.com,+918633107545,Satna,Maharashtra,ADV0011,Low,1948170,Active,Core Banking,BATCH_20260720,2026-07-20,2026-07-16 11:10:43.681326,2026-07-16 11:10:43.681326
CUST00438,Janaki,Chhabra,Female,1959-07-07,advika86@example.net,+918550027973,Pudukkottai,Himachal Pradesh,ADV0011,High,2437895,Active,Core Banking,BATCH_20260720,2026-07-20,2026-07-16 11:10:43.681390,2026-07-16 11:10:43.681390
CUST00439,Mekhala,Jani,Female,1974-07-04,xgola@example.net,+919044014286,Nizamabad,Jharkhand,ADV0019,Medium,2291843,Active,Core Banking,BATCH_20260720,2026-07-20,2026-07-16 11:10:43.681451,2026-07-16 11:10:43.681451
CUST00440,Hemangini,Rao,Male,1993-03-19,karpesanya@example.net,+917582084743,Salem,Gujarat,ADV0011,High,759714,Active,Core Banking,BATCH_20260720,2026-07-20,2026-07-16 11:10:43.681529,2026-07-16 11:10:43.681529
CUST00441,Yashoda,Rattan,Female,1996-02-18,dyallopa@example.net,+918506981604,Mysore,Uttarakhand,ADV0010,High,2939309,Active,Core Banking,BATCH_20260720,2026-07-20,2026-07-16 11:10:43.681595,2026-07-16 11:10:43.681595
CUST00442,Maanav,Sinha,Male,2004-03-28,echakrabarti@example.com,+918563707272,Uluberia,Assam,ADV0016,Medium,2726297,Active,Core Banking,BATCH_20260720,2026-07-20,2026-07-16 11:10:43.681657,2026-07-16 11:10:43.681657
CUST00443,Baljiwan,Rajagopalan,Male,2004-07-08,sverma@example.net,+919098389895,Akola,Rajasthan,ADV0002,High,2315148,Active,Core Banking,BATCH_20260720,2026-07-20,2026-07-16 11:10:43.681725,2026-07-16 11:10:43.681725
CUST00444,Warda,Sarna,Male,1951-02-27,robert09@example.net,+918251560728,Srikakulam,Goa,ADV0020,Medium,919816,Active,Core Banking,BATCH_20260720,2026-07-20,2026-07-16 11:10:43.681793,2026-07-16 11:10:43.681793
CUST00445,Balendra,Parsa,Male,1964-05-31,dugargabriel@example.com,+916135594311,Nagercoil,Sikkim,ADV0019,High,760935,Active,Core Banking,BATCH_20260720,2026-07-20,2026-07-16 11:10:43.681869,2026-07-16 11:10:43.681869
CUST00446,Megha,Ravi,Male,1984-07-13,biswasgautam@example.net,+916081335390,Karaikudi,Odisha,ADV0015,Medium,2056491,Active,Core Banking,BATCH_20260720,2026-07-20,2026-07-16 11:10:43.681934,2026-07-16 11:10:43.681934
CUST00447,Ijaya,Palan,Male,2006-05-30,upkaar93@example.com,+917773650170,Ramgarh,Andhra Pradesh,ADV0007,Medium,2404783,Active,Core Banking,BATCH_20260720,2026-07-20,2026-07-16 11:10:43.681997,2026-07-16 11:10:43.681997
CUST00448,Advika,Gill,Female,1974-02-25,borayahvi@example.com,+919748723498,Bhiwandi,Uttar Pradesh,ADV0002,High,879159,Active,Core Banking,BATCH_20260720,2026-07-20,2026-07-16 11:10:43.682067,2026-07-16 11:10:43.682067
CUST00449,Yochana,Kurian,Male,2001-05-09,saanvi69@example.com,+918408990341,Sonipat,Tripura,ADV0011,High,2306433,Active,Core Banking,BATCH_20260720,2026-07-20,2026-07-16 11:10:43.682132,2026-07-16 11:10:43.682132
CUST00450,Tara,Sharma,Female,2002-07-15,subramaniamjackson@example.com,+917347557120,Eluru,Rajasthan,ADV0006,Medium,2536096,Active,Core Banking,BATCH_20260720,2026-07-20,2026-07-16 11:10:43.682204,2026-07-16 11:10:43.682204
CUST00451,Thomas,Karpe,Female,1996-12-12,hpandit@example.net,+918346225613,Firozabad,Haryana,ADV0012,High,2998233,Active,Core Banking,BATCH_20260720,2026-07-20,2026-07-16 11:10:43.682269,2026-07-16 11:10:43.682269
CUST00452,Bhavna,Chander,Female,1973-09-04,faqid82@example.com,+918620258967,Raichur,Gujarat,ADV0016,Low,1333976,Active,Core Banking,BATCH_20260720,2026-07-20,2026-07-16 11:10:43.682333,2026-07-16 11:10:43.682333
CUST00453,Amruta,Goswami,Female,2005-06-21,wishiiyengar@example.org,+918396963917,Bilaspur,Gujarat,ADV0010,Low,1548285,Active,Core Banking,BATCH_20260720,2026-07-20,2026-07-16 11:10:43.682398,2026-07-16 11:10:43.682398
CUST00454,Veer,Jain,Female,1998-12-19,nachiket11@example.org,+919027526473,Srikakulam,Andhra Pradesh,ADV0007,High,2351027,Active,Core Banking,BATCH_20260720,2026-07-20,2026-07-16 11:10:43.682464,2026-07-16 11:10:43.682464
CUST00455,Brijesh,Subramaniam,Female,1972-01-25,waida94@example.com,+918060740001,Sasaram,Himachal Pradesh,ADV0012,High,1446964,Active,Core Banking,BATCH_20260720,2026-07-20,2026-07-16 11:10:43.682563,2026-07-16 11:10:43.682563
CUST00456,Mitali,Kapadia,Female,1994-01-18,chaturavora@example.com,+916523445293,Panvel,Arunachal Pradesh,ADV0019,High,2578307,Active,Core Banking,BATCH_20260720,2026-07-20,2026-07-16 11:10:43.682628,2026-07-16 11:10:43.682628
CUST00457,Yadavi,Palan,Female,1973-05-16,tanvidara@example.net,+919847261858,Satna,Tamil Nadu,ADV0013,Medium,914365,Active,Core Banking,BATCH_20260720,2026-07-20,2026-07-16 11:10:43.682691,2026-07-16 11:10:43.682691
CUST00458,Abhiram,Arora,Female,1989-08-20,uchaudhuri@example.com,+916180674181,Gaya,Nagaland,ADV0010,High,631473,Active,Core Banking,BATCH_20260720,2026-07-20,2026-07-16 11:10:43.682759,2026-07-16 11:10:43.682759
CUST00459,Adya,Khalsa,Female,1966-03-01,jasmit27@example.com,+919968591159,Gurgaon,Tamil Nadu,ADV0015,High,1375603,Active,Core Banking,BATCH_20260720,2026-07-20,2026-07-16 11:10:43.682829,2026-07-16 11:10:43.682829
CUST00460,Kashish,Patla,Female,2000-02-02,shravya29@example.org,+916919066362,Salem,Telangana,ADV0007,High,1437213,Active,Core Banking,BATCH_20260720,2026-07-20,2026-07-16 11:10:43.682891,2026-07-16 11:10:43.682891
CUST00461,Anamika,Keer,Female,1982-09-30,jhayre@example.net,+916589582865,Bhalswa Jahangir Pur,Uttar Pradesh,ADV0004,High,2761345,Active,Core Banking,BATCH_20260720,2026-07-20,2026-07-16 11:10:43.682970,2026-07-16 11:10:43.682970
CUST00462,Aditya,Goda,Male,1974-12-26,zansiwalla@example.net,+917041349374,Morbi,Jharkhand,ADV0002,High,2527349,Active,Core Banking,BATCH_20260720,2026-07-20,2026-07-16 11:10:43.683041,2026-07-16 11:10:43.683041
CUST00463,Zashil,Batta,Male,1973-08-24,darpankale@example.com,+918739951076,Jalandhar,Manipur,ADV0008,Low,720260,Active,Core Banking,BATCH_20260720,2026-07-20,2026-07-16 11:10:43.683116,2026-07-16 11:10:43.683116
CUST00464,Gaurika,Lad,Female,1971-06-22,hemangini06@example.org,+917418600299,Medininagar,Gujarat,ADV0016,Low,876578,Active,Core Banking,BATCH_20260720,2026-07-20,2026-07-16 11:10:43.683191,2026-07-16 11:10:43.683191
CUST00465,Owen,Mane,Male,1971-02-18,fsekhon@example.com,+918363746243,Madhyamgram,Rajasthan,ADV0006,Medium,2295228,Active,Core Banking,BATCH_20260720,2026-07-20,2026-07-16 11:10:43.683257,2026-07-16 11:10:43.683257
CUST00466,Maanav,Ganesh,Female,1987-09-10,oviya99@example.com,+918794042404,Vijayawada,Goa,ADV0007,Medium,1647074,Active,Core Banking,BATCH_20260720,2026-07-20,2026-07-16 11:10:43.683331,2026-07-16 11:10:43.683331
CUST00467,Hemal,Kari,Female,1968-09-20,amara96@example.com,+918774110439,Mirzapur,Telangana,ADV0002,Low,2708089,Active,Core Banking,BATCH_20260720,2026-07-20,2026-07-16 11:10:43.683395,2026-07-16 11:10:43.683395
CUST00468,Shravya,Sachdev,Male,1960-03-29,dasswahab@example.net,+918298461504,Vijayawada,Gujarat,ADV0002,Low,2052736,Active,Core Banking,BATCH_20260720,2026-07-20,2026-07-16 11:10:43.683487,2026-07-16 11:10:43.683487
CUST00469,Ojas,Ranganathan,Male,1956-07-06,solankichatura@example.org,+919949801453,Loni,Tripura,ADV0002,Medium,2377790,Active,Core Banking,BATCH_20260720,2026-07-20,2026-07-16 11:10:43.683556,2026-07-16 11:10:43.683556
CUST00470,Fiyaz,Chawla,Male,1965-10-05,fradoramakrishnan@example.com,+919216944250,Shahjahanpur,Telangana,ADV0010,Low,338869,Active,Core Banking,BATCH_20260720,2026-07-20,2026-07-16 11:10:43.683626,2026-07-16 11:10:43.683626
CUST00471,Bhanumati,Savant,Female,1986-11-15,onkarbalakrishnan@example.org,+918439377645,Anantapur,West Bengal,ADV0020,Low,1705268,Active,Core Banking,BATCH_20260720,2026-07-20,2026-07-16 11:10:43.683691,2026-07-16 11:10:43.683691
CUST00472,Vamakshi,Sibal,Female,2007-02-01,sai28@example.org,+917951414407,Phusro,Maharashtra,ADV0018,High,2371618,Active,Core Banking,BATCH_20260720,2026-07-20,2026-07-16 11:10:43.683759,2026-07-16 11:10:43.683759
CUST00473,Dayita,Palan,Male,1978-06-22,gauravsathe@example.com,+919655273742,Haridwar,Himachal Pradesh,ADV0017,Medium,1444361,Active,Core Banking,BATCH_20260720,2026-07-20,2026-07-16 11:10:43.683831,2026-07-16 11:10:43.683831
CUST00474,Nachiket,Mitter,Male,1951-02-24,hemanginimangat@example.com,+919473829163,Pallavaram,Tripura,ADV0004,Medium,981550,Active,Core Banking,BATCH_20260720,2026-07-20,2026-07-16 11:10:43.683902,2026-07-16 11:10:43.683902
CUST00475,Vansha,Mistry,Female,1951-01-25,mmaster@example.org,+918784364341,Motihari,Kerala,ADV0009,High,1080975,Active,Core Banking,BATCH_20260720,2026-07-20,2026-07-16 11:10:43.683965,2026-07-16 11:10:43.683965
CUST00476,Ranbir,Sabharwal,Male,2001-09-14,prana@example.org,+919163749761,Burhanpur,Haryana,ADV0011,Medium,2681447,Active,Core Banking,BATCH_20260720,2026-07-20,2026-07-16 11:10:43.684026,2026-07-16 11:10:43.684026
CUST00477,Adya,Buch,Male,1975-01-11,zansimagar@example.com,+916753744909,Haridwar,Gujarat,ADV0020,High,2000749,Active,Core Banking,BATCH_20260720,2026-07-20,2026-07-16 11:10:43.684090,2026-07-16 11:10:43.684090
CUST00478,Ekapad,Gopal,Female,1958-06-18,shahsneha@example.com,+918213113588,Maheshtala,Karnataka,ADV0011,Low,1981216,Active,Core Banking,BATCH_20260720,2026-07-20,2026-07-16 11:10:43.684152,2026-07-16 11:10:43.684152
CUST00479,Anirudh,Doshi,Male,1953-06-01,grewalharsh@example.com,+916793629209,Cuttack,Tamil Nadu,ADV0005,Medium,1657283,Active,Core Banking,BATCH_20260720,2026-07-20,2026-07-16 11:10:43.684215,2026-07-16 11:10:43.684215
CUST00480,Raksha,Anand,Male,1964-01-16,alexandertak@example.org,+916029335155,Bidar,Jharkhand,ADV0009,Medium,1287847,Active,Core Banking,BATCH_20260720,2026-07-20,2026-07-16 11:10:43.684277,2026-07-16 11:10:43.684277
CUST00481,Wishi,Prabhu,Female,1977-06-07,narayananfaris@example.org,+919237360169,Shimoga,Tripura,ADV0009,Medium,1566452,Active,Core Banking,BATCH_20260720,2026-07-20,2026-07-16 11:10:43.684349,2026-07-16 11:10:43.684349
CUST00482,Manya,Bora,Male,1982-01-16,rehaankrishna@example.com,+917123362233,Bhilai,Tripura,ADV0012,High,1291124,Active,Core Banking,BATCH_20260720,2026-07-20,2026-07-16 11:10:43.684412,2026-07-16 11:10:43.684412
CUST00483,Yuvraj,Rajan,Male,1995-04-09,vkota@example.org,+918868119543,Jaunpur,Telangana,ADV0004,Medium,1586839,Active,Core Banking,BATCH_20260720,2026-07-20,2026-07-16 11:10:43.684485,2026-07-16 11:10:43.684485
CUST00484,Girindra,Verma,Male,1989-03-02,urvashiramachandran@example.net,+917741251076,North Dumdum,Goa,ADV0017,High,1604336,Active,Core Banking,BATCH_20260720,2026-07-20,2026-07-16 11:10:43.684559,2026-07-16 11:10:43.684559
CUST00485,Brijesh,Verma,Male,1957-08-15,mmisra@example.com,+918743244243,Bellary,Bihar,ADV0010,Medium,2877925,Active,Core Banking,BATCH_20260720,2026-07-20,2026-07-16 11:10:43.684621,2026-07-16 11:10:43.684621
CUST00486,Warinder,Saraf,Male,1969-05-11,anyadar@example.com,+916941150163,Bangalore,Arunachal Pradesh,ADV0005,Medium,942506,Active,Core Banking,BATCH_20260720,2026-07-20,2026-07-16 11:10:43.684687,2026-07-16 11:10:43.684687
CUST00487,Vaishnavi,Dubey,Female,1972-01-30,kotharinakul@example.com,+919211496671,Tadipatri,Karnataka,ADV0020,Medium,2044182,Active,Core Banking,BATCH_20260720,2026-07-20,2026-07-16 11:10:43.684751,2026-07-16 11:10:43.684751
CUST00488,Darpan,Bhasin,Female,1971-02-27,hredhaandass@example.com,+919252795722,Ratlam,Nagaland,ADV0018,High,1216084,Active,Core Banking,BATCH_20260720,2026-07-20,2026-07-16 11:10:43.684820,2026-07-16 11:10:43.684820
CUST00489,Idika,Sarna,Male,1993-01-23,purohitishita@example.net,+918922046273,Chandrapur,Arunachal Pradesh,ADV0020,Low,2504134,Active,Core Banking,BATCH_20260720,2026-07-20,2026-07-16 11:10:43.684884,2026-07-16 11:10:43.684884
CUST00490,Vedhika,Sarma,Female,1982-12-17,kgupta@example.org,+918268486276,North Dumdum,Telangana,ADV0012,Low,2666295,Active,Core Banking,BATCH_20260720,2026-07-20,2026-07-16 11:10:43.684949,2026-07-16 11:10:43.684949
CUST00491,Upadhriti,Maharaj,Male,2000-11-11,ekapadwali@example.org,+916265248799,Sagar,Uttarakhand,ADV0018,High,1147906,Active,Core Banking,BATCH_20260720,2026-07-20,2026-07-16 11:10:43.685012,2026-07-16 11:10:43.685012
CUST00492,Adya,Peri,Male,1976-11-15,bgoyal@example.net,+916706681697,Udupi,Haryana,ADV0011,High,2153213,Active,Core Banking,BATCH_20260720,2026-07-20,2026-07-16 11:10:43.685073,2026-07-16 11:10:43.685073
CUST00493,Ekani,Bhatnagar,Male,1988-09-19,hgupta@example.net,+918921845810,Suryapet,Chhattisgarh,ADV0007,High,2745898,Active,Core Banking,BATCH_20260720,2026-07-20,2026-07-16 11:10:43.685133,2026-07-16 11:10:43.685133
CUST00494,Barkha,Naidu,Female,1974-04-22,indrajit18@example.net,+916390591367,Varanasi,Uttarakhand,ADV0017,Medium,533353,Active,Core Banking,BATCH_20260720,2026-07-20,2026-07-16 11:10:43.685199,2026-07-16 11:10:43.685199
CUST00495,Kai,Gokhale,Female,2001-03-14,hredhaansunder@example.org,+916566696611,Patna,Odisha,ADV0017,Medium,2215951,Active,Core Banking,BATCH_20260720,2026-07-20,2026-07-16 11:10:43.685264,2026-07-16 11:10:43.685264
CUST00496,Lipika,Suri,Male,1981-01-13,chandran53@example.net,+918400015680,Ahmedabad,Gujarat,ADV0015,High,1592556,Active,Core Banking,BATCH_20260720,2026-07-20,2026-07-16 11:10:43.685326,2026-07-16 11:10:43.685326
CUST00497,Vyanjana,Buch,Male,1977-09-07,patelojasvi@example.com,+917700586760,Tadepalligudem,Himachal Pradesh,ADV0009,Low,1213944,Active,Core Banking,BATCH_20260720,2026-07-20,2026-07-16 11:10:43.685392,2026-07-16 11:10:43.685392
CUST00498,Banjeet,Bobal,Male,1998-12-08,kalitazilmil@example.org,+916194518221,Ahmednagar,Nagaland,ADV0014,Medium,567428,Active,Core Banking,BATCH_20260720,2026-07-20,2026-07-16 11:10:43.685455,2026-07-16 11:10:43.685455
CUST00499,Lekha,Gupta,Male,1961-09-27,praneelsagar@example.net,+919840638976,Gangtok,Kerala,ADV0003,Medium,433105,Active,Core Banking,BATCH_20260720,2026-07-20,2026-07-16 11:10:43.685538,2026-07-16 11:10:43.685538
CUST00500,Tara,Sane,Female,2001-09-28,pranitratti@example.net,+917756070122,Sangli-Miraj & Kupwad,Nagaland,ADV0006,Low,2990750,Active,Core Banking,BATCH_20260720,2026-07-20,2026-07-16 11:10:43.685604,2026-07-16 11:10:43.685604
